id_cliente,prediccion
2,0.1432801844655548
3,0.06312295186446966
7,0.13785100268889555
10,0.05811552444041898
11,0.14544111618789793
12,0.031590919285656514
14,0.105181517563808
16,0.1385601070877595
25,0.12610608061216583
32,0.11184084802514321
38,0.12521914514598417
42,0.155992501758324
63,0.11748228122834628
65,0.13454365095663845
70,0.1405802155420454
74,0.12829750602000264
76,0.12248718539030312
83,0.060857146276536316
90,0.07926642142321542
98,0.1767910310284391
104,0.11968690075397051
121,0.05731837700714075
124,0.14579871230973143
125,0.1500782044539581
137,0.15801017801203715
143,0.05932567382315356
144,0.15438847476483744
157,0.1447342798469355
163,0.12034355738569577
197,0.08257648647263366
203,0.17245303431557013
205,0.1285352814695529
209,0.03611646855325378
228,0.1635563687277371
231,0.13945419360048447
237,0.14855596491301334
243,0.06141006167756421
247,0.13043079617239534
249,0.05898638648188834
253,0.15474797730210801
261,0.12779382477858056
263,0.024008107503329195
275,0.040761067940106664
279,0.166122908418619
280,0.13338712559989002
292,0.13143404121657817
297,0.12887059948903287
299,0.12063974687833909
302,0.05176600402478273
304,0.13929418611388558
308,0.2317317540372604
318,0.15486255298188853
319,0.16546891321621018
323,0.061838287821071904
325,0.1489176552470862
339,0.1233286805636378
340,0.13027205373345394
355,0.12290516468843696
359,0.156315829458458
368,0.1468165845044377
371,0.11346056442814316
378,0.13224833916687267
390,0.14472586218553482
392,0.12773135696265772
409,0.12264625712116405
412,0.06919604690353534
420,0.15835135837599912
422,0.0878548513174249
428,0.13224188126523742
429,0.04084922851743705
430,0.13676992412008607
434,0.05930307994460282
437,0.15384199000709634
447,0.06256857865017752
464,0.049048830724182965
466,0.15675435857711054
468,0.2228830070043056
470,0.14608309732952834
473,0.12375265027050893
475,0.05845110264582468
476,0.15315176989412585
480,0.054451104241064675
483,0.1362546618275952
487,0.16299188897750377
495,0.1425277174023992
496,0.14822304294866775
499,0.1368357268571857
502,0.06731147731444201
504,0.13364645971334774
508,0.06511141303931917
514,0.12184828348892782
515,0.15613467283368693
538,0.11642571023857083
548,0.12458332449944233
551,0.13385640724544692
553,0.1458262756714896
560,0.05333852093297336
564,0.12464193944219176
572,0.05737181708812657
577,0.03473830294010362
578,0.22571294936404215
591,0.04961879360727705
593,0.12880903508003827
604,0.12597527483701507
606,0.13953877979885337
614,0.14135984363781962
616,0.05469818507265081
622,0.12390755299743597
626,0.055632860525312605
632,0.05773521341438167
637,0.05119723131729767
640,0.0847517874561088
647,0.10847493659530068
648,0.05556839229683599
653,0.14062760021121212
654,0.055918973451236004
659,0.15700402210593264
661,0.03546785524576709
670,0.05858326928809166
671,0.05915894416355799
673,0.13155093816022304
674,0.0665625845703117
682,0.12932081752038688
683,0.13887948395407748
687,0.13062540098859096
688,0.059426490442103595
689,0.14330583098502833
701,0.128638860016597
705,0.13966977369350675
707,0.11878072721022116
710,0.11652116705220593
714,0.12428242131341095
716,0.12380291561802813
717,0.14486873617500726
729,0.0588947733427122
732,0.1330472192211418
734,0.15635148314252686
736,0.13907763024390454
742,0.049546349774636594
750,0.13651504072414752
764,0.13712756169000928
767,0.10474857848826147
768,0.13321226734141178
774,0.15209629668737243
777,0.05591810568278534
784,0.13507978461322692
785,0.15254761459341687
786,0.13369156974927832
787,0.21979729479679386
788,0.1374703559800269
790,0.14675669057792284
794,0.0569987012507548
796,0.12324658860223921
802,0.05693180319753984
812,0.134861604246681
814,0.04821038761255083
816,0.05357992604382237
817,0.13729086079785344
834,0.12487331267813546
835,0.15101382102769095
836,0.12000431946328699
837,0.12973904718597953
840,0.038042207044201574
841,0.043014467805820966
854,0.03935425900960221
858,0.12432926677983712
859,0.05908048169798301
883,0.11279875297516458
887,0.061101258294595846
902,0.14281836192706343
913,0.1389263818634218
915,0.11510833126931697
916,0.14772954654426454
917,0.12541712816215467
924,0.13455237387794272
929,0.13752864936943013
933,0.13952354965553332
936,0.13451202465351217
941,0.0528914212788281
946,0.06903652393238886
948,0.053003598924884175
952,0.13046330843677903
959,0.12795485273331442
963,0.1395393453076571
965,0.09835859922660369
970,0.15922654990215432
975,0.17766162261105808
979,0.1287847636668381
982,0.10713530700141576
986,0.034414728304819626
992,0.1513806236944434
1003,0.03299811950190244
1004,0.14144888128961555
1007,0.13529542952573592
1014,0.09577910902379914
1017,0.057832163505969265
1018,0.12039785637022991
1043,0.06159479576614928
1046,0.1281820092653363
1052,0.1307903821579199
1061,0.04998554253101221
1063,0.13525945725676744
1064,0.13419249369487937
1067,0.12311450892768973
1070,0.09246245254211248
1075,0.053955711096789795
1105,0.05243512390739895
1116,0.2175752886309242
1117,0.18237392084341997
1123,0.13490285228074192
1125,0.1447769531749711
1132,0.11157813784399793
1160,0.06089601955167357
1161,0.14875591206149225
1165,0.061917260429457895
1171,0.22339951923661472
1181,0.09001795399313516
1185,0.14499970549411176
1197,0.14941275568666323
1202,0.14045385939604457
1205,0.034390097471093256
1206,0.15938889245359916
1213,0.14799887858133487
1216,0.05853173148581775
1228,0.1378847617131863
1232,0.12741041685257706
1238,0.1049409178048366
1241,0.06730950008305192
1246,0.10670595555859491
1258,0.09215154872441139
1263,0.16570489128121987
1289,0.11601410165138212
1301,0.16415082086196522
1302,0.05673822018956744
1303,0.1695741074821787
1312,0.13346950802171348
1314,0.13719161094187438
1322,0.07703603064003726
1326,0.06067798496906703
1328,0.0596592011426327
1334,0.13364997194947206
1336,0.14014956602792705
1337,0.05393934041880454
1338,0.11357058872699344
1340,0.1481504901451903
1361,0.16059574519645303
1365,0.17717131932304478
1368,0.28210430811569165
1370,0.07843389602282208
1378,0.1459956238219297
1381,0.1400728219737968
1388,0.1422657806376955
1393,0.12587166526501697
1395,0.1165375598508915
1400,0.12357283562048398
1404,0.06251613332965589
1405,0.06092186162476894
1411,0.1443963429287327
1414,0.1411507871843208
1415,0.034711417123783186
1420,0.10128618403156221
1425,0.06483731360760553
1434,0.17963643084745443
1453,0.1447058198694346
1455,0.22990075374458985
1460,0.15655865157018123
1465,0.2476065461272083
1474,0.1446372544914276
1475,0.031557147310797666
1476,0.06497705882683899
1477,0.1132429202158467
1489,0.07641791015118686
1495,0.11965543196489432
1496,0.05970258319464398
1501,0.1266154847141469
1504,0.05469447429583415
1506,0.14974527794609446
1516,0.15071136791083392
1535,0.0803442950762089
1541,0.05639206399115933
1546,0.04889873167965096
1552,0.059427535622342605
1558,0.14171742496878706
1559,0.11249452315088793
1564,0.10876084828564234
1566,0.1275378307774838
1567,0.16269077244698205
1573,0.1512451156421497
1576,0.060861063148807425
1577,0.05880210972430484
1578,0.1006242203588894
1586,0.13873737175643044
1587,0.0852202129165254
1589,0.14905051870197455
1591,0.12378549025248702
1592,0.07634604392362519
1598,0.05521453432387171
1602,0.16374995017999167
1604,0.07341372430039449
1606,0.06484794815686534
1614,0.031836575676686005
1615,0.20079672554181024
1619,0.13365152377885184
1623,0.14174684957426537
1631,0.14400050353609403
1639,0.05002780202303417
1648,0.030623096701077792
1659,0.12699623687699366
1669,0.15470931285194908
1673,0.13652085396921107
1678,0.13579694954152177
1682,0.24057060644552497
1683,0.13658990260771106
1692,0.1272429057997597
1693,0.1614664934084485
1695,0.1466976096953119
1698,0.14854120603265294
1706,0.2501671268223026
1709,0.12394834692653862
1710,0.15056211484667592
1719,0.12824282431392647
1720,0.04022477244909594
1726,0.12803775606635137
1730,0.1304664497430003
1732,0.12726797139751858
1733,0.13431620815953837
1736,0.07917837842741485
1743,0.13439063485493546
1751,0.1285679987150147
1752,0.13741957668555027
1754,0.15638460985318264
1756,0.037135791228709365
1760,0.11638036639994259
1765,0.06122443779142215
1776,0.12033082064191782
1778,0.03553477322247849
1779,0.14619386236014822
1781,0.0564968994327349
1795,0.1378830870485051
1808,0.023379373261488295
1809,0.1486096811721061
1814,0.13380159661481472
1821,0.12331723795285089
1822,0.10758472564977327
1824,0.1537448385460405
1827,0.13587830879370885
1834,0.14813734377480056
1844,0.18939010325645447
1851,0.15017683157781891
1867,0.14681624282695838
1869,0.11872164726371014
1875,0.24109658960571131
1882,0.14066619579664194
1897,0.1387988985903911
1910,0.14291938692326409
1917,0.1387759855452975
1918,0.09339735024148377
1935,0.13646898527898996
1936,0.1572470332898708
1937,0.05362081869352294
1949,0.1455225843162526
1952,0.04846256000599753
1956,0.14632251797575024
1969,0.04989485892788086
1970,0.12163922698156686
1971,0.1263198115166498
1977,0.16353367456951792
1982,0.12417870881484584
1995,0.12719913764195198
2002,0.1507917544870506
2004,0.12937863803365202
2011,0.15867119177143418
2013,0.15579913883749438
2014,0.1322582792182588
2026,0.13921662077074506
2040,0.1320182317535456
2043,0.12875898084980986
2060,0.13151066474937864
2069,0.1030349170277672
2073,0.07992077708814406
2076,0.03577533101407861
2082,0.11279294959460184
2089,0.05264403121008872
2091,0.15133545813993582
2103,0.06724017343447222
2109,0.059273478683230046
2112,0.14120742074995338
2113,0.15554417222244368
2119,0.052997865520313645
2121,0.14422115209203462
2125,0.14854308263599222
2127,0.2409838599616502
2128,0.14318277278399164
2132,0.15814228980583103
2146,0.1458359912298853
2148,0.03146526700920687
2149,0.17881576816163341
2156,0.05959587310622767
2157,0.14526342348159518
2159,0.13076805040735925
2160,0.12216310444800633
2169,0.14791781815739513
2170,0.07150360485311584
2186,0.06963258127109793
2188,0.05353893864841997
2190,0.12110200060135032
2203,0.10091577390403185
2204,0.1492192085512142
2205,0.14599333973948184
2207,0.1419550961408515
2209,0.060395744721252004
2211,0.0862490764325836
2220,0.05043585498032418
2226,0.146542431394015
2229,0.13413506514325765
2234,0.12047185604834618
2237,0.1670582613640201
2240,0.12505284793518617
2249,0.05556327554363771
2252,0.14159308569744855
2264,0.1564881370346497
2269,0.14666579130839735
2272,0.05339248601180285
2283,0.11715636881670144
2284,0.16257760696715928
2287,0.15895702193219727
2290,0.11938420941774616
2298,0.058894990536015955
2328,0.13483126662997671
2329,0.1667905583524881
2330,0.15256836404784768
2336,0.12911515206897314
2338,0.14847526964717425
2341,0.2005184171639837
2353,0.16016245941106932
2356,0.035731304820019356
2366,0.12487949893366745
2401,0.11903325501332954
2404,0.05376418185634697
2408,0.11969644037199789
2409,0.13304558093560218
2410,0.14426244404169788
2421,0.2434774456283678
2425,0.1465432725609313
2427,0.17743875644615817
2429,0.13248259033410192
2432,0.14300879643456288
2435,0.11826780017279148
2436,0.13557935292296885
2447,0.12882212060109252
2449,0.056334183202109346
2454,0.06477956364496185
2460,0.049669749864518255
2472,0.14405474533051257
2479,0.10297827722638132
2483,0.14060180654442442
2484,0.13329128836827228
2492,0.15600331669396747
2493,0.05735364802378637
2495,0.12689730745691863
2498,0.17157283516725508
2501,0.12435086813579786
2510,0.1314369600014839
2512,0.0340794876798928
2516,0.038668827683926515
2517,0.13674294488894712
2538,0.03790858197382364
2561,0.14506619553480535
2563,0.12482170458520907
2567,0.14126926902093884
2569,0.09033447766981718
2576,0.12983428920028667
2588,0.14054441105062943
2592,0.043684936036095086
2593,0.14107981009516685
2604,0.12713396885044342
2613,0.10604538118005881
2620,0.1297788343646637
2626,0.06779107218700049
2629,0.058584848934442636
2634,0.054874830013069496
2637,0.14562168264501055
2649,0.15954581346536423
2653,0.1768275187541916
2661,0.13354741391980743
2662,0.08150930016578833
2668,0.09660516036997428
2684,0.13071084171894196
2686,0.12165503818385281
2706,0.12980751932506834
2709,0.1277426369270477
2710,0.1368925738834197
2712,0.10644131446725816
2717,0.11968035552931502
2718,0.1426823274073851
2720,0.13554244002922897
2726,0.15470226185034705
2732,0.15185218676037698
2735,0.15655487852962482
2736,0.11822588210527288
2754,0.12817627340113033
2755,0.05774819971644817
2758,0.12520621592544284
2759,0.06181929978556527
2768,0.14830338735981746
2769,0.16966553828796604
2770,0.1367983055471723
2776,0.055916753435536336
2779,0.19374115923071394
2790,0.05212034615859681
2794,0.1195655270898127
2796,0.03555180615841702
2801,0.1419144052422769
2810,0.07250891068717016
2813,0.15453985461061057
2820,0.13678825177715187
2822,0.14850128580440586
2830,0.1424971311163784
2831,0.14686520772020964
2835,0.14032852866021564
2837,0.14121603908163124
2852,0.14820367671497062
2861,0.1255223997705547
2864,0.05299038291222607
2869,0.055406052355918445
2870,0.3219187348622568
2883,0.03329960921499963
2890,0.04399747843662737
2892,0.05895464008843739
2895,0.1662334465563221
2908,0.1448050399890846
2911,0.046861937556978366
2918,0.11013802899820944
2931,0.16224229712357083
2936,0.15498833533057965
2938,0.23039766245389232
2940,0.17310682921249435
2942,0.13025683977966573
2943,0.03065270321405015
2945,0.14378638962729084
2949,0.05815965670864202
2959,0.14101210862843627
2966,0.15535521497093013
2969,0.14988330108494227
2970,0.12274554843956602
2975,0.11431021715688763
2976,0.13067615128829077
2987,0.12214250041318357
2993,0.06309689865888328
2995,0.0602474026335066
2998,0.051475967877544576
3002,0.12933175679122805
3004,0.12156157172394078
3008,0.14459061772190734
3010,0.12784827657366962
3019,0.06106191143794458
3027,0.05798145928935658
3030,0.15792497943251374
3031,0.14493988087884044
3037,0.13487607844190075
3038,0.1105635037665951
3039,0.06623051441381465
3043,0.12737028124717872
3048,0.0565240505321126
3049,0.13430252910118146
3053,0.054263119444902155
3054,0.06325890686146364
3056,0.10330027632338795
3069,0.23121865792842947
3071,0.15684933472809795
3072,0.1429412191587429
3075,0.13953545143818624
3078,0.1331952702819992
3080,0.10437612712311149
3104,0.13633350017288542
3109,0.1554524346987846
3126,0.0717311299235261
3137,0.05266572852460152
3139,0.11108425534402441
3142,0.14699794135985406
3147,0.05474242238538115
3168,0.12574466436383325
3169,0.13599461506897634
3172,0.10670362831864498
3174,0.136613084009204
3178,0.16366857947171035
3179,0.056169235327161386
3181,0.106346211269514
3190,0.13513651885272385
3192,0.15822368744895793
3196,0.15182788961862118
3197,0.1681016157207327
3206,0.14437710322214184
3208,0.03588879554597616
3210,0.1007286810467487
3214,0.22841471917283396
3220,0.07586590154110749
3228,0.05762829760124794
3232,0.12046571597504896
3247,0.13246556805861143
3253,0.07536466473331364
3256,0.053277632971034945
3257,0.1286896134021187
3262,0.10127629021374784
3269,0.04842126843287573
3276,0.0645980433458324
3279,0.2587295747027228
3282,0.09156413475230461
3284,0.06449031254375052
3285,0.13951900007989992
3295,0.13490019581148524
3297,0.0734771400989176
3298,0.1136682053503461
3311,0.05663432225409026
3313,0.1502857457382109
3321,0.10937159691825829
3325,0.11977129049123582
3329,0.219086092508836
3345,0.1591927168419219
3347,0.10531252730735598
3349,0.1410015162808484
3350,0.09061348612713764
3354,0.14085903737080946
3356,0.2332619553306635
3363,0.12608164370440894
3372,0.09835397485598582
3376,0.12391059531931647
3380,0.11977254459063764
3383,0.11614948637568785
3385,0.14475267446380113
3387,0.13410801482995222
3395,0.05594923437360196
3396,0.05153859326685619
3397,0.1169226014548204
3411,0.08409601243168731
3413,0.05543901719366214
3415,0.09773407448279119
3444,0.15469613592079057
3446,0.13957057444441867
3447,0.053646023169847616
3448,0.09522687352419386
3454,0.057398044828263335
3466,0.131598937374286
3471,0.14379221144364393
3474,0.056493273124809854
3488,0.14383142052127557
3496,0.06454446057763161
3498,0.15092171266066748
3508,0.12269306631709849
3511,0.06972168110355578
3514,0.08020631376324142
3524,0.07542307370600711
3526,0.1079205798745673
3529,0.04919177201218404
3552,0.03675441886887715
3561,0.05693269812443827
3564,0.20497144177585044
3566,0.052732170929919844
3576,0.15347863563327607
3581,0.05273653487565669
3582,0.1377530517753422
3583,0.2388318370438111
3587,0.125919755234266
3589,0.15168235020269558
3590,0.08834225825433216
3592,0.14665667160978188
3594,0.055793960092719856
3598,0.1255026449451379
3605,0.1534177581739156
3608,0.16120924725487698
3610,0.15729249913372925
3619,0.12812102179983267
3622,0.1081184594535002
3623,0.20044641306721425
3628,0.1362584965162298
3629,0.13932081288842496
3647,0.04355966449062118
3653,0.16298162228624927
3657,0.15036704552532795
3658,0.08195506274557376
3661,0.03601347016254424
3665,0.13931999208376167
3668,0.05686304275020834
3670,0.08947819012914315
3672,0.03146606782625338
3675,0.07997173361803347
3680,0.03469441664188406
3697,0.06288375106595218
3698,0.026636961670420383
3699,0.13996981492275856
3703,0.04108213783885022
3711,0.12586818899729968
3712,0.16601434728635422
3716,0.1295519640941254
3717,0.14609821433674497
3721,0.15579902115887287
3726,0.13343536546251675
3735,0.15156409861634915
3736,0.2353138673113234
3740,0.12315257245631887
3748,0.09069427031797019
3751,0.06322448386710362
3753,0.09002405232598452
3754,0.09516173065796604
3755,0.05751668604588646
3764,0.10690943507460235
3768,0.13203510560165516
3781,0.12132168512051897
3782,0.1563673795270182
3787,0.07604160804726111
3800,0.13134972777795845
3804,0.05961287804783208
3820,0.16892466600845138
3821,0.14704097913106276
3824,0.08446065207129116
3825,0.1332134906098622
3826,0.16524965551038093
3831,0.12620443836720485
3834,0.12977746975876675
3835,0.13354799021342328
3836,0.12360348209504142
3840,0.08405805300474556
3841,0.16087840767480188
3848,0.17360856845879624
3863,0.15985966499181345
3869,0.12330083911525043
3875,0.11531534385544567
3877,0.24136170369142854
3878,0.13398218809052398
3879,0.14782645938401556
3881,0.1633688465576521
3882,0.054287995694335046
3887,0.1345161578379636
3890,0.1270155277487854
3904,0.03468541187216627
3905,0.2354780830512476
3908,0.14204034271232446
3917,0.1726672656671666
3927,0.15132916720302161
3931,0.15778272373277752
3938,0.1531966325317772
3944,0.14994213335564377
3947,0.12149629835600001
3950,0.13864291271669058
3971,0.1107569998460829
3982,0.0694742411178327
3991,0.030933932274815213
3992,0.12310666431970241
3997,0.11211761071135154
4005,0.05698056851747995
4008,0.12468162781059551
4016,0.05795359764969371
4018,0.13355774186809635
4020,0.15674646986684468
4027,0.07072992691739473
4038,0.11953731938303397
4045,0.11165363507620273
4048,0.14105215177897973
4051,0.11319099948662686
4054,0.14078706711532119
4055,0.12689243792224664
4065,0.12670402257604677
4066,0.1284224036055373
4073,0.09527509108170672
4079,0.05618290236579688
4084,0.10069915750799008
4087,0.18702034328843806
4089,0.04426861849093459
4091,0.21664598437248136
4092,0.11478498329562557
4102,0.2594223741702444
4108,0.15745699846972935
4113,0.161327718732394
4116,0.16562802572534865
4117,0.04349403605641591
4124,0.1328034582375789
4125,0.13604049735558285
4128,0.14087772465849147
4129,0.14015025562563582
4130,0.14032292916007005
4134,0.13969416872957405
4144,0.13485021723220034
4147,0.20066269915894364
4150,0.052480329981655936
4158,0.16196091374657157
4162,0.13321781524179677
4163,0.1189774067486509
4166,0.03298356423408512
4167,0.12508350040277277
4168,0.13038159465601848
4175,0.036513648542978214
4179,0.07542578603589925
4180,0.14547602082717848
4189,0.13524906642615867
4192,0.15900702863032942
4195,0.1354536618789423
4197,0.15524377461876906
4198,0.13486591259220576
4202,0.1147418457722675
4208,0.125665260889064
4222,0.14766929646957355
4225,0.031934783689629556
4227,0.1380936060184312
4229,0.13077297833477516
4230,0.13457861689944686
4244,0.2230167656417163
4247,0.12723345917351128
4249,0.14140560277370345
4258,0.13418653744304912
4266,0.17575140144300486
4283,0.09841940516904354
4286,0.1126329117272001
4287,0.1139920664715454
4289,0.1077390669172259
4291,0.15136370726971088
4292,0.14734717761817412
4296,0.05671993388009527
4309,0.037754578020302534
4323,0.14991057560751303
4324,0.15162594590925862
4327,0.08855826268620402
4328,0.14185674027357212
4330,0.06079464121352579
4334,0.047326314561824095
4338,0.05652270287597792
4341,0.13786918868445244
4343,0.21231269660201224
4349,0.05482957734537372
4366,0.11592287038700082
4367,0.0652914278516022
4373,0.09958415345008562
4374,0.1909352245127282
4384,0.14060494253745745
4390,0.13084322366125306
4403,0.1361430154071556
4409,0.1018989137161195
4419,0.15236595860041338
4427,0.10336662442507338
4428,0.15251982476864692
4429,0.1369362990651702
4430,0.038335013324163086
4431,0.12779897938762957
4433,0.05857589842627517
4434,0.1313594466556445
4442,0.046659255889989315
4444,0.10786925230168681
4456,0.06383956527092287
4457,0.13131007956217972
4459,0.13130646986681965
4463,0.14522545538348391
4465,0.15348483529293153
4466,0.062208860548516945
4469,0.08664674687923304
4486,0.12220110707417195
4488,0.13564974170682206
4490,0.11313209382628225
4492,0.137498147008412
4500,0.05984406048977197
4502,0.1433611280732408
4507,0.1409544959232001
4511,0.13661575733840556
4512,0.11535048768330501
4516,0.13651375369379298
4520,0.10908821221209687
4536,0.09185467618472003
4538,0.05523790045543037
4549,0.05716215239120855
4554,0.13676945720167175
4561,0.15768661929781624
4564,0.11530379066019812
4566,0.1263827072807613
4568,0.1517876593472893
4580,0.14508164709860133
4586,0.055772865812477285
4594,0.13341908777018355
4598,0.12283112150943028
4602,0.12386456849420784
4609,0.1593201524163971
4610,0.12163126580543655
4611,0.12321718848237048
4619,0.1530851726182344
4624,0.15039513510712735
4627,0.13711962794640561
4631,0.11425417880136544
4632,0.15035190023839531
4635,0.056450844065177384
4637,0.14158845709684573
4641,0.13353831129111843
4643,0.06563161006256242
4660,0.0346091811118957
4665,0.15013870515407063
4667,0.038023248062235705
4668,0.1271802005528308
4670,0.1429786908121013
4674,0.0469193509489596
4676,0.13263820156127248
4683,0.17353764831923763
4684,0.05761370544086628
4687,0.128916527217522
4704,0.13316733589581098
4706,0.13446546402717918
4732,0.14454123701933033
4734,0.17223871245182104
4735,0.12435820727585768
4744,0.06536466060174521
4755,0.1095883437181847
4759,0.051864472390422627
4762,0.059826904694202605
4765,0.15324746266414685
4767,0.1318706578773238
4775,0.12391336677969296
4780,0.15089549619312398
4789,0.12428914965419391
4794,0.1502877554411703
4795,0.12316072119128113
4797,0.13234802697632084
4803,0.053302078751091796
4810,0.15539611299006476
4812,0.16477985682291993
4814,0.12669502645683045
4818,0.12084648794404433
4820,0.061432271721983386
4822,0.13843346285492314
4827,0.09098518785086081
4828,0.06332723898085138
4831,0.035409571729118475
4839,0.14567290797649812
4841,0.1175748821454528
4842,0.048792980639766635
4844,0.12879036140297442
4852,0.04839298224180432
4861,0.07520984952089468
4863,0.220640101214911
4878,0.12162624489009037
4881,0.11828308873132116
4883,0.17141435222525597
4884,0.13181147250697214
4890,0.13297274768614387
4894,0.027715794238357627
4895,0.1572665595330165
4898,0.11829778724806668
4899,0.04509448772623875
4901,0.06360126868455095
4902,0.03877907456088359
4919,0.12558861170585695
4934,0.06213271464735112
4937,0.12459058133939918
4939,0.0510097326772829
4945,0.0446126365098734
4952,0.10878596524966676
4953,0.14235774201577892
4954,0.1280460260293923
4955,0.1138516762327906
4967,0.04920855086336466
4970,0.1428073881747924
4979,0.13011417818131155
4983,0.121204032603252
4989,0.09895771884686186
4995,0.13358857604820398
5004,0.16246136722404375
5007,0.14352888203143752
5009,0.05044783421767131
5010,0.10978439693740491
5016,0.1393186710983357
5033,0.05885613941190349
5038,0.031045175614290297
5045,0.08246117714051163
5049,0.05023459116223195
5051,0.05333636814368764
5055,0.12927398809462762
5058,0.0621146746271852
5059,0.054672846119616765
5073,0.15931469804757356
5074,0.22914935109874907
5076,0.1383578821250616
5078,0.059240230358091936
5081,0.1228086609248148
5082,0.12204144068512282
5084,0.033039197877901084
5105,0.13561688143037742
5107,0.1488060770034632
5111,0.07288526603604904
5120,0.03604896462337651
5121,0.11955527349927954
5123,0.13165616745689557
5141,0.12689924092046834
5144,0.14396475524351068
5147,0.15336922182507315
5149,0.028474259969031416
5152,0.035480246283712186
5160,0.13834716148070697
5170,0.13503810045536535
5171,0.15627081658367087
5176,0.16861559445002502
5178,0.16951159413969485
5192,0.05409794893526607
5195,0.07061787315789515
5204,0.1361686288857484
5208,0.13879593093924153
5211,0.09682105476262366
5216,0.03500202652436969
5217,0.13595079090823567
5225,0.14343467433079163
5228,0.1525638948106983
5239,0.03746247013140379
5241,0.06476363230438424
5243,0.13682377757054076
5246,0.14757547304264032
5247,0.1679033795672725
5249,0.057423161161217755
5251,0.18746946499132863
5255,0.14742548334548986
5257,0.15941003146168797
5259,0.08400874744232818
5260,0.14887999662771045
5269,0.14334091149762496
5281,0.13193648823447376
5284,0.16496803925589315
5286,0.07935106052744088
5292,0.06732940250075806
5293,0.13695018978176873
5299,0.11674573816987698
5301,0.12558105068674236
5303,0.1120798188423686
5305,0.13511098325132737
5319,0.07549258727966683
5325,0.05572353859195005
5331,0.1259830718851714
5333,0.08178919367812129
5335,0.12800441256615422
5339,0.08015597277119633
5340,0.1161214408868664
5341,0.11250947197203233
5343,0.08253978866141204
5347,0.1697749232037555
5353,0.13972329620256033
5355,0.12526471903733602
5363,0.1385124820529095
5365,0.16092544482181967
5373,0.10748838426536117
5377,0.14336123711047122
5379,0.05854480525488808
5385,0.13991208850151068
5386,0.05135415363302568
5387,0.13700686037509446
5389,0.0340867024151927
5390,0.06995357735867914
5396,0.059997182099863273
5397,0.03387749429991902
5404,0.1268439068594569
5407,0.1410441195747022
5410,0.027464192984349767
5411,0.05538321588231348
5412,0.12175567049564802
5413,0.046357735502410076
5418,0.15253850758743115
5424,0.11915371452044032
5427,0.16450728985383334
5428,0.12718600229430085
5433,0.14422651173067094
5441,0.14707921337554195
5448,0.1183502180428605
5456,0.14438605491137585
5460,0.04061384283382797
5465,0.15826970789902325
5468,0.06229616841844537
5470,0.14554714591834428
5475,0.12470741291357659
5487,0.15314917683786136
5501,0.0555503933749919
5504,0.12997857358185064
5508,0.1374336152351629
5510,0.09894574216612498
5514,0.04760822896497395
5528,0.1388794805405804
5540,0.11708351035924529
5543,0.1208698481592164
5545,0.12792010138241042
5546,0.12324904695624748
5548,0.06294553269030093
5551,0.25724105323084
5553,0.11896936098439119
5556,0.1385760053817078
5560,0.14198483874168608
5563,0.138280341739346
5569,0.03532384059908415
5572,0.058984601200636914
5576,0.06719200484254033
5582,0.1317683047248345
5586,0.053603924665723446
5598,0.055750209486549726
5605,0.13397798189644652
5608,0.14343114399676404
5610,0.11533608095320133
5622,0.06976207518977945
5628,0.13926206953179301
5632,0.13604502053717327
5640,0.04905287296609789
5641,0.09165410159399119
5647,0.05157923236793614
5654,0.1727296269190127
5665,0.14452417359908104
5667,0.15431359589300098
5674,0.0846208159634457
5691,0.12829426393169416
5694,0.13781799174938908
5706,0.14466447380661898
5716,0.07185505095269298
5722,0.061613249376313184
5738,0.1331434791798153
5745,0.13989952073326994
5746,0.10738435318948439
5755,0.15531371633235683
5756,0.03518531626854153
5760,0.14722791428466675
5761,0.14041733320967606
5762,0.06413700155276636
5763,0.054822018590628026
5765,0.15915739534931078
5773,0.13555952587209125
5781,0.12572571570294588
5786,0.14720728385386078
5789,0.14725303188098704
5802,0.12380293443476002
5808,0.14673783067564267
5811,0.11748013043732838
5812,0.24086556936646708
5813,0.12402064315714696
5821,0.14283649994557363
5829,0.16828581948319116
5838,0.11824492939934624
5842,0.1593677548475387
5861,0.12306721044040247
5864,0.1353532582036402
5871,0.1614896933674004
5875,0.14491200165924145
5879,0.15553585138764361
5881,0.1438358178297411
5891,0.05810540005189854
5903,0.037918716793570284
5909,0.1386704366584718
5914,0.17695582117933517
5918,0.1266278308295865
5933,0.05097491490218092
5945,0.06328340382293517
5948,0.06112642113570587
5949,0.03592222976943587
5950,0.13880318678739342
5952,0.14257797747114387
5955,0.14491084300839785
5959,0.1546742968769381
5961,0.14030101411447246
5964,0.06576803182375306
5966,0.16310382288711206
5978,0.11682493529257253
5980,0.12284378440533793
5983,0.14300113254127134
5985,0.12196664972496928
5995,0.13810349358942264
6009,0.14523680233985944
6016,0.0757194720200328
6021,0.14522699013520987
6023,0.12382701819366258
6029,0.15085545997035546
6033,0.14066528595980377
6036,0.03791254214966305
6039,0.12124033512013338
6046,0.19728573136734445
6047,0.09623010254728971
6051,0.12577324378173435
6054,0.05559283864717009
6061,0.14277671094637628
6065,0.11575861945418794
6068,0.10399353246367983
6069,0.21848443593545336
6070,0.14904152207101798
6072,0.08876277339943035
6076,0.13998169590198314
6082,0.07098785655775051
6104,0.14905363400728314
6110,0.12992777641159117
6122,0.12200940987465492
6123,0.15188501617164943
6126,0.048743497775142273
6128,0.13448487731823744
6131,0.06199841841529162
6139,0.11784091622379435
6140,0.1447771465108041
6142,0.23931678836033093
6143,0.09847805216639859
6147,0.14916086125000205
6152,0.16769118364241117
6164,0.12970731554065387
6171,0.1727158780531753
6173,0.13832396301500688
6175,0.17177531436650556
6176,0.03497873114035193
6179,0.12711302229672636
6181,0.12533981270565847
6191,0.07032659586387982
6200,0.12196594671708513
6201,0.14129271478338654
6208,0.16578734305974896
6219,0.1426902893881767
6223,0.06260098117622742
6224,0.13094383877580212
6237,0.08296322203663152
6255,0.11593899358117551
6265,0.14266150109585327
6273,0.12236059575434373
6279,0.12005598258533717
6284,0.14246081887972162
6295,0.11397001714946345
6306,0.03854010324334403
6311,0.21023692803645927
6327,0.10248971067723374
6330,0.1298165430593626
6338,0.14190495914403825
6343,0.16038492102818544
6345,0.21390819443831
6351,0.13724270096494315
6357,0.0364432351574652
6360,0.1255700677926001
6389,0.05808750466529636
6392,0.1459686766768509
6404,0.12117358385656564
6406,0.06416218741873905
6407,0.15022056397463932
6414,0.06286095920191834
6419,0.130016429834031
6425,0.12969159579529807
6428,0.05274873965539647
6431,0.14059330463865738
6435,0.1405306392118362
6436,0.07079963292818374
6440,0.1014167165003089
6446,0.1441328626539685
6465,0.11630398325368307
6473,0.12800424603449462
6476,0.0602460691522782
6477,0.10486892541139055
6478,0.1379235485680439
6494,0.09340082861668582
6501,0.15127125906828992
6502,0.2185138635179088
6503,0.12954077509195153
6514,0.033895675173189456
6516,0.1258186073133393
6534,0.1448371948233885
6541,0.060141564559690525
6553,0.1404712510862889
6557,0.12131950198021396
6559,0.13810237250684648
6560,0.17612952837218782
6562,0.1359955211163965
6575,0.1418686544344265
6583,0.030337560131030117
6588,0.14225420443972026
6590,0.08622205563825772
6594,0.10730275566519298
6602,0.13847148114755733
6603,0.13427499812713756
6606,0.10243787518207406
6614,0.1411250737904903
6618,0.13047635231403545
6628,0.1378934849926435
6633,0.055898379825708396
6639,0.11791658128157227
6648,0.1590637706714074
6654,0.120378392122468
6656,0.05182422478700527
6657,0.16988039721185663
6663,0.03739934826662235
6664,0.11163614387650891
6666,0.033201025917720464
6670,0.1181409337901524
6671,0.10139552228013368
6683,0.0595103003710574
6694,0.1209906943872466
6695,0.13861036906396382
6699,0.13373373260183397
6701,0.12467336539859501
6706,0.03277694358465576
6707,0.03409522112923332
6720,0.1170670504919066
6721,0.06600669467072326
6726,0.15450421412780702
6735,0.12175637760361167
6745,0.14039715487253004
6746,0.11865820681789242
6751,0.03814899493593949
6759,0.15295294450609734
6760,0.09110568316047994
6765,0.12753740379466658
6774,0.059624556091194554
6776,0.14211663380128556
6779,0.13839147080841602
6789,0.1209603013346478
6792,0.22776777119322678
6797,0.036069743463574666
6807,0.11520444838960575
6808,0.1563069724645284
6811,0.145466827959548
6813,0.0657211894348814
6814,0.1305565099924617
6817,0.13260851703358897
6826,0.13204000935427054
6830,0.06391507379635687
6832,0.14696204091714563
6838,0.18660852388681864
6840,0.12378970230322373
6850,0.1253422766709437
6851,0.13404478889537463
6854,0.21477172414262888
6856,0.20077035831501394
6858,0.08536763371967289
6866,0.1309161370130331
6871,0.15679806121328424
6872,0.1331682465040935
6879,0.13837184966713437
6881,0.0564899633867143
6882,0.14980784855337106
6883,0.12147796436398359
6894,0.15082948587862155
6899,0.054009606459837184
6903,0.1473994962192035
6908,0.15780789381942062
6914,0.14242791761608137
6915,0.15278594600177992
6917,0.1499447359842696
6922,0.04558663601673474
6933,0.05782189243388642
6944,0.12213530458127675
6948,0.14045614070589893
6957,0.10701698632752249
6964,0.12610077038233403
6987,0.1216797391489075
6989,0.03883741540987576
6991,0.12089150280611327
6992,0.09294610772372465
7019,0.11662513444336808
7021,0.05760500573534652
7023,0.12064676244136362
7033,0.057381582703449806
7034,0.12435104060693287
7043,0.11637405498669483
7047,0.12142217604719431
7050,0.12238945486385616
7057,0.09603179856679234
7069,0.06822959933718231
7070,0.05840327443338348
7072,0.16070148775317802
7081,0.10203119502445473
7082,0.06580685599901898
7088,0.13429509601666445
7093,0.15073369549093385
7100,0.15708184032845676
7104,0.08941615730932184
7109,0.050455685566759424
7111,0.14690385229557273
7113,0.034276737176630726
7119,0.11855582288841385
7122,0.05512956624764262
7134,0.2573635079721169
7147,0.0685906196869362
7155,0.13576246309004547
7156,0.13879372606369075
7163,0.25705808254259227
7173,0.08121097473104692
7177,0.12612423843991938
7179,0.15868357137207278
7191,0.1567862958435541
7196,0.15674734624056508
7197,0.034277362827691914
7205,0.054594761816821484
7209,0.06681661473803448
7215,0.07359565705228836
7216,0.09250273610930836
7217,0.1422392380562683
7224,0.13932402573132133
7230,0.15201751604161662
7235,0.16477947314548344
7237,0.17370115626744914
7245,0.14016316073925297
7246,0.11008503488968432
7252,0.07714942844709807
7257,0.12512903735341374
7258,0.12536038613685285
7261,0.08082767506417847
7269,0.13934059132716145
7270,0.13140116371234603
7283,0.14870252285553306
7299,0.12871186811426605
7301,0.051334422743715746
7304,0.13279163297082755
7311,0.14724505757971307
7314,0.14807650032033673
7332,0.1341914340105381
7333,0.15396904746974804
7335,0.14312575766388022
7336,0.06353741711055323
7337,0.16026562916380135
7344,0.11954041993630167
7348,0.15070392803417165
7351,0.12987357088614346
7352,0.06262513525727745
7371,0.14326145489623968
7373,0.12549452099101652
7376,0.08443127735372424
7383,0.20990593892846116
7390,0.044522836559868634
7391,0.06838197321212224
7392,0.12430226291939132
7395,0.048524406857496635
7400,0.1532845375589008
7403,0.13311606168642026
7404,0.11621944909935643
7414,0.11328451855703023
7429,0.13147632499482348
7435,0.15018228471166442
7436,0.12722366016435394
7438,0.12452036456226755
7441,0.03152104731874096
7443,0.23316634918261572
7444,0.1763980195847663
7452,0.08276327852320096
7456,0.11029668583793495
7462,0.07777512649138354
7483,0.09755984196474553
7490,0.14910408767794417
7492,0.1427544061667922
7504,0.07322990636641645
7507,0.1313436652007796
7511,0.05680131837362884
7519,0.12933443491477062
7520,0.2555765153084142
7522,0.05271478775545502
7530,0.05295579087718819
7536,0.1542532145451394
7541,0.1405808064659115
7543,0.06062602206261723
7545,0.12675547188471906
7558,0.14720729147372066
7560,0.1329931628184336
7561,0.13255986194799205
7571,0.12496544831598727
7579,0.1270623732223757
7580,0.09470995760173556
7581,0.12811842983495747
7586,0.13480414619463957
7590,0.1504149953551799
7592,0.14481462840814774
7594,0.10603991392024542
7595,0.16129372562508515
7601,0.1145327882892121
7602,0.1403584166404776
7603,0.13780358825657815
7611,0.13600602192609534
7617,0.03581570525027454
7618,0.1552091697872134
7619,0.1243441956970143
7625,0.05742925376812547
7628,0.13296705763745775
7630,0.037739419627687426
7631,0.05419610511608353
7633,0.15666608186392228
7634,0.12128485412632312
7641,0.15381838734146955
7642,0.1468862648436891
7646,0.1052340489855527
7662,0.14436574418749157
7666,0.12636677682041547
7674,0.10732890964938907
7676,0.10522425099156443
7679,0.1489010599101471
7681,0.13189028901406802
7686,0.056360651214630686
7696,0.1736595909978787
7707,0.06134463541572863
7708,0.037409122227613334
7712,0.03742783363074465
7715,0.12402955385603825
7716,0.06799723933667327
7717,0.16441110143888188
7719,0.058510580100171135
7723,0.06493046352077425
7726,0.14282462808228405
7734,0.1619873387013919
7739,0.0840102858236103
7743,0.12815223843740348
7751,0.05762370457559348
7752,0.14894927715752174
7755,0.13152802902867355
7758,0.05510071850633443
7761,0.12416703650751253
7767,0.05496242948025858
7773,0.102984703651201
7779,0.0863888140951367
7785,0.07029996705432
7792,0.055414373666959935
7800,0.13345186108259643
7801,0.10309316220395522
7802,0.10790355559249135
7808,0.17336775905542143
7811,0.13335905933068054
7816,0.05965568802003676
7822,0.05947661531365695
7823,0.06267644483569071
7832,0.12565026205303725
7833,0.14628051991323682
7838,0.06367391905880315
7840,0.11926621839053739
7857,0.13490239373374194
7877,0.051881885054490144
7885,0.22107369496310492
7900,0.13041781761623417
7907,0.14161180072816745
7910,0.05066844795862868
7918,0.15738805469681422
7919,0.06905444455486366
7928,0.13973154553296555
7933,0.14834602079992099
7941,0.11242188757193046
7947,0.08488289461429155
7955,0.13427357812438942
7956,0.14066082381481157
7957,0.12361996596394356
7964,0.1555231706478869
7968,0.12911612339783418
7980,0.061857410961875574
8004,0.24004433649248186
8016,0.13838519271238325
8017,0.0544275539597528
8024,0.16299020475381093
8031,0.10994173245262959
8032,0.05871799917332906
8035,0.12360421582773538
8036,0.12481011820667501
8037,0.05543644669899005
8052,0.14236638165871135
8055,0.06631139659896373
8059,0.12946233312386987
8063,0.11929708919119274
8064,0.1302615383569346
8068,0.12383320930516926
8070,0.06301629826780976
8072,0.1373508671696224
8085,0.15843365258484676
8089,0.1263841183274501
8097,0.04689471005114697
8100,0.14265082520889932
8102,0.16344817841816403
8105,0.05643335840772344
8114,0.11970386422161455
8117,0.13181715727828622
8120,0.11711415456029894
8126,0.12171632510665359
8128,0.0670721970366776
8135,0.05916146401741686
8137,0.1348573043175904
8148,0.09522013795063579
8169,0.05071610354470285
8173,0.05638943137289339
8178,0.13723726872944703
8179,0.1997524273113886
8182,0.03381577586183603
8184,0.10895424943171007
8186,0.15063353848110433
8189,0.145862548979459
8196,0.14810849771861206
8216,0.13718031178601192
8219,0.13089441057760495
8221,0.1320912404530667
8227,0.06119713725792775
8232,0.13117958102410351
8245,0.12296934054226968
8248,0.12988780386259716
8249,0.14340954718743432
8250,0.13338562853086045
8256,0.052419770420745734
8258,0.15495979671854537
8259,0.029320562193456093
8268,0.1414921279591762
8271,0.11723394530681534
8273,0.1427489042467664
8275,0.13985723834959932
8277,0.15881478021926085
8283,0.13376708335390183
8288,0.056289000466018105
8299,0.06257648113338042
8300,0.11869136742279186
8301,0.051960914507888825
8307,0.14736751067188436
8315,0.14276150653064612
8324,0.08585413138245777
8326,0.12147732174445065
8351,0.052001894605228284
8367,0.037638083553469516
8368,0.155278790917762
8371,0.18141552034250136
8383,0.12707706389640974
8386,0.14410427995613612
8402,0.05647902487598917
8404,0.13988934349164375
8421,0.15526745872149736
8422,0.05348435853194181
8425,0.16391399636042636
8429,0.12326800397375633
8433,0.1504878781025941
8437,0.11832794304043277
8440,0.05333028356399667
8455,0.15118879782696523
8479,0.16095100846884575
8482,0.05628633354129272
8485,0.1475215346620157
8489,0.05408283341999645
8490,0.027923024091250793
8492,0.05577324486181231
8496,0.14255448620810648
8497,0.13535860810383304
8498,0.13725875143758712
8500,0.14684068107549386
8501,0.1485274088857554
8508,0.15452024492073466
8512,0.16837248704569113
8522,0.1668127179746113
8536,0.038271356665554354
8545,0.1292704513771315
8546,0.1294036486107115
8554,0.138121417293389
8556,0.12449367192886951
8557,0.13509315125579302
8559,0.13990145039646337
8560,0.14363473446146444
8563,0.1399453001189831
8565,0.14094022521563163
8574,0.11425059395941796
8578,0.05992392511254871
8585,0.049421762834368825
8602,0.15790921704116026
8605,0.10002975027439405
8609,0.132370195028615
8614,0.07059223952925942
8619,0.1253014682821539
8629,0.142396204234797
8632,0.15508661497777507
8635,0.0547210803333557
8639,0.05047910427003355
8642,0.05462553441904509
8643,0.1070333727733898
8655,0.14581899847444338
8657,0.1213249474499711
8662,0.13105632095373795
8666,0.15638828853233058
8674,0.057720470636953215
8676,0.13241227137400516
8686,0.1323825308515448
8691,0.11393636063088575
8702,0.1423347803652097
8714,0.05912068642960043
8718,0.13265601937969915
8731,0.14169590211016983
8738,0.14084534758514106
8745,0.05372451713399164
8749,0.12195758206977395
8754,0.14429838913567716
8760,0.12128266692212826
8762,0.06663868891380516
8767,0.03580839885006769
8768,0.139145643603521
8769,0.0318087888506173
8771,0.1356759311326873
8795,0.12521992335670115
8796,0.055482476760824635
8811,0.1365681098930346
8815,0.150986525103372
8820,0.13003480305378473
8825,0.1335302200750263
8832,0.12100270987659442
8839,0.07048259908712676
8841,0.14309939875378594
8848,0.1229033380579896
8849,0.07994396825761332
8856,0.14508667561878036
8875,0.12851128088592836
8879,0.06517200332972944
8882,0.1164657812265793
8885,0.13105101205465114
8892,0.129574883447792
8897,0.1331327826003494
8905,0.03717871564670486
8921,0.05292282977202144
8928,0.11862781624546305
8935,0.12777024660616146
8939,0.05674435905481394
8941,0.14589891180753178
8942,0.03480873448753538
8949,0.1137865583457415
8951,0.05927718264645265
8958,0.15036174119389212
8964,0.06966905342960271
8972,0.034546148007264466
8978,0.16012249388818653
8979,0.0793721631401981
8988,0.16142902887175087
8997,0.12270373701657605
8998,0.032536124879739434
8999,0.13822942809909672
9006,0.059100456395437394
9012,0.1573150055017901
9024,0.12112535452945788
9026,0.13126715899478728
9030,0.146558248121098
9034,0.04789348540219396
9036,0.1557100015144162
9038,0.06173755585549758
9040,0.1484483131588266
9041,0.06883365994133582
9042,0.054882070625655185
9046,0.0579775115711961
9051,0.1558429852821139
9054,0.16297353431199849
9057,0.053666562057713994
9062,0.06609373625190866
9072,0.13064638372034681
9075,0.11681938018821372
9079,0.14281617669125865
9081,0.062286087022270634
9091,0.12314540116420863
9110,0.05320995963546496
9113,0.13989527410943992
9116,0.13729151382335955
9120,0.05862945160914498
9126,0.15974586701071758
9133,0.1093472452109383
9135,0.15229436411519234
9144,0.11383300182101831
9146,0.14124978719125778
9153,0.11085823360671086
9155,0.05301418131960731
9160,0.07753117365545403
9165,0.15111098536671178
9172,0.14140627276632572
9174,0.055454544495510884
9179,0.08791480571266928
9180,0.1299106768996693
9195,0.23419944286922967
9199,0.12781395444852137
9204,0.0786199173658836
9205,0.05544415856427377
9210,0.13791172714238362
9228,0.12623292122784321
9233,0.1429466274588772
9235,0.1423198248636489
9237,0.047384542209467556
9239,0.05483616015532779
9240,0.04918460862305239
9241,0.2243734728310981
9242,0.12260880258677598
9246,0.06487400704036023
9248,0.13516558736441547
9253,0.1282694994535117
9254,0.13631646487085572
9260,0.11654329791856247
9261,0.03486518049086177
9262,0.13498553764557453
9263,0.179268955778164
9268,0.13017621297493945
9275,0.057525896102920235
9278,0.13785685417101784
9287,0.1335960836686125
9292,0.14766887813310453
9308,0.12963653906538308
9309,0.1478519477957192
9310,0.15696778540967427
9312,0.08465648057798089
9314,0.06084058296981591
9316,0.051215837392470306
9318,0.1267371009515497
9322,0.14804004971537604
9325,0.15854772042063037
9327,0.1260311657835238
9336,0.11325509349889008
9340,0.15228605092188163
9342,0.1439917451531043
9346,0.11662011983953707
9351,0.2150757084850986
9357,0.12014486438840734
9372,0.13490231310666315
9374,0.04880880538750194
9378,0.20341053836306666
9385,0.0774556723688198
9413,0.062079097425187954
9418,0.12785688364191847
9420,0.13091072230805803
9422,0.05873013998404841
9423,0.12039919770436018
9425,0.13907564258336125
9426,0.15949773951452242
9434,0.14868768895712406
9436,0.09514625939784004
9439,0.03660090420428527
9446,0.058832724551086193
9460,0.14612673886655325
9461,0.14660116667727155
9467,0.13632645193392798
9472,0.11512881728617712
9483,0.10337874646151717
9485,0.14002536142434605
9492,0.08577289810939813
9500,0.11852554910020235
9507,0.14506365850970662
9514,0.15615945878423337
9516,0.14708009792083043
9520,0.09735250779222904
9542,0.12203355004392373
9544,0.2213453830469066
9548,0.162097113821006
9556,0.06250808364400223
9558,0.15166850047377584
9565,0.14926200949407895
9571,0.13332820641257281
9575,0.13009299367861096
9587,0.13279755293299322
9602,0.17271702518714663
9609,0.056804399236762074
9618,0.09385152159558466
9622,0.14224532232494222
9624,0.1350036459601125
9648,0.13080963404733667
9658,0.14824791684321173
9668,0.1210844920040466
9702,0.05073344798524841
9705,0.13870572098070116
9706,0.05912614209945492
9707,0.14984610324363729
9708,0.09711015476241085
9710,0.1612314063744473
9726,0.13789782715536775
9753,0.04898139545556617
9757,0.09367500223768957
9761,0.05959822961396434
9765,0.20530350725248947
9768,0.15491518440973043
9769,0.14361397533972742
9775,0.03162690020042278
9778,0.14415509094364906
9788,0.08733908993711476
9789,0.15633285906592842
9792,0.13133061150901248
9815,0.1214822048067713
9816,0.0573001371616882
9822,0.06106358145584144
9823,0.16784761830709632
9827,0.11413903610767784
9835,0.14152799765146445
9840,0.034501044799666925
9841,0.1323888948562954
9849,0.1308347754580525
9853,0.1364308538838602
9869,0.062421508547122015
9873,0.047185892634930476
9881,0.03463332193065012
9892,0.15245391936898817
9898,0.13196535086120303
9899,0.14992429505654478
9915,0.12341647252590122
9936,0.1612200110327286
9940,0.14459259322398527
9941,0.04993746331611101
9947,0.032134641345017416
9957,0.12667133487434562
9962,0.05798927180429982
9963,0.1245795447600019
9964,0.14637611937617118
9965,0.15251227244840926
9968,0.14856053381966178
9971,0.07941055069819768
9973,0.14852182635151268
9980,0.05618041313193376
10002,0.19008090389845433
10005,0.060564824759400865
10007,0.12208738299577787
10010,0.1565727212857459
10013,0.14655221357240572
10014,0.054297903358036054
10017,0.1265163522826585
10024,0.1363300191097932
10030,0.08781578483151281
10037,0.14733147885826617
10046,0.09904701286967735
10051,0.11956432090126246
10063,0.13709968413331755
10067,0.12610426910638392
10073,0.058830390153594654
10096,0.05659029121986017
10099,0.061278936377994773
10100,0.04067283176892214
10101,0.14254475253074325
10103,0.0568596067390711
10110,0.15420590541088505
10113,0.1347552484584499
10116,0.05972257948693916
10124,0.15741264219921278
10127,0.10932175970467907
10129,0.1645052385770136
10139,0.15652644857617368
10140,0.18248146693676687
10145,0.23631725831731895
10149,0.11278678644987926
10151,0.17448041583440466
10165,0.056746811041900984
10166,0.050538607534211355
10168,0.14315654886663212
10174,0.08760251557363866
10186,0.06829275859984535
10189,0.13352613909913436
10193,0.14301605780983478
10197,0.05354743583332602
10201,0.13054112404816445
10206,0.14286234849697407
10211,0.1186887540853885
10216,0.14051331373327303
10224,0.12482571307476074
10234,0.16364910628702428
10236,0.12838805119634572
10239,0.1630643301739189
10247,0.0657500370433736
10250,0.035957560627678097
10253,0.14096264548212686
10254,0.12858737602548503
10263,0.15220605919662064
10264,0.15255659862820317
10265,0.1292233155093099
10275,0.052950686847963904
10280,0.12507785743942215
10286,0.1316287135051616
10287,0.16544646980209923
10293,0.13536807544418453
10294,0.1109932915844573
10303,0.05931023547523944
10308,0.1426124510038571
10311,0.12811564243924753
10318,0.14737186907429609
10323,0.15781729372212114
10324,0.11646085106843085
10327,0.10727820026946663
10330,0.13599559758034996
10331,0.11884058668481727
10333,0.053853083673759974
10334,0.14479049743214523
10335,0.1541235766614593
10338,0.13790263520618146
10339,0.13820652787748358
10348,0.051604106235907214
10354,0.24804564245416427
10356,0.10971207570098905
10367,0.07174826117979789
10375,0.11960860743023922
10384,0.15239624563413903
10386,0.05621453980891952
10389,0.12689668483036495
10393,0.12299466445732785
10404,0.12998358391851797
10408,0.054193722771174874
10416,0.1201706825003766
10434,0.16768133615776545
10448,0.15890535786965354
10449,0.07023900973294443
10452,0.05321366211258845
10453,0.1278916491352192
10454,0.13213169730942148
10461,0.1173320036302432
10462,0.05274847896646817
10472,0.07437435753998803
10474,0.16280246106019056
10476,0.14414290852377726
10478,0.05388779243236535
10483,0.08768666407201717
10492,0.11906563502917107
10493,0.16123149509314533
10499,0.06834446785861754
10501,0.04732296014492783
10509,0.12864832212998814
10512,0.13350581067220024
10513,0.10772220788103472
10516,0.12753719166259606
10517,0.13272138180628398
10525,0.127248026111238
10529,0.12376354041369436
10532,0.13780271139135158
10537,0.12161305013654604
10541,0.16523270559224626
10545,0.10527292714320653
10548,0.11483105953190685
10552,0.034742027864974226
10554,0.1533674742774841
10557,0.14242321652415277
10564,0.15428796236476602
10574,0.05687721993770203
10591,0.11274613367808584
10596,0.15575981126760832
10600,0.19280797409705258
10606,0.057102156127111385
10611,0.11201484640385893
10622,0.05024414216094757
10626,0.11798765638432217
10629,0.06265871376558282
10630,0.12353719508885791
10631,0.14237478916352825
10633,0.04558279491935366
10638,0.13705344658580995
10639,0.17355449327869393
10640,0.058173092961891534
10657,0.1428378030858578
10663,0.13869305408450078
10664,0.1353837417993043
10667,0.12460860338993314
10671,0.14366098277311867
10672,0.12368610099054654
10675,0.12500957763764856
10679,0.14463890310320612
10681,0.12982378830542474
10683,0.05786095938052058
10688,0.12318305159804165
10701,0.1584098619794571
10704,0.14441853385280637
10709,0.1605217043223815
10715,0.13231713437439074
10718,0.06337049685018109
10724,0.12537152979633862
10731,0.06807108783194404
10733,0.11954738983018946
10737,0.13630953566244455
10744,0.03627082945882281
10750,0.07672167986410727
10770,0.11544689192479646
10776,0.1570241467611612
10780,0.04966091886836002
10782,0.24536523927504775
10789,0.1402580223434691
10793,0.1602821344969594
10795,0.16784173740818187
10807,0.12314912571630125
10813,0.1242337025226432
10815,0.11632752621793982
10817,0.13043137016735368
10819,0.12534217621080043
10824,0.14405034625423432
10828,0.1604733563289944
10830,0.06074311012568329
10832,0.14109296441977087
10836,0.148623117333207
10839,0.14935009198058036
10843,0.11693869104996973
10844,0.10972080629895466
10866,0.24398260927835455
10872,0.11743466048967004
10873,0.05799504731514464
10878,0.2043361918797881
10889,0.05498121112515397
10899,0.16329684631424832
10901,0.154012299307184
10904,0.16471844312793557
10910,0.12628061624472608
10911,0.11400451805950172
10917,0.11195502145240076
10920,0.135526451933462
10921,0.03075340881087749
10922,0.06631601511545006
10929,0.036987767806232655
10930,0.04873183676271895
10933,0.13785157820753136
10934,0.05417292644747597
10939,0.14386433454364642
10942,0.0337345624507821
10943,0.03462446727400958
10945,0.15829347157855586
10946,0.1297264825289943
10949,0.07524104559397678
10951,0.12139053996072358
10952,0.14919121042007952
10953,0.054505244383933706
10955,0.03420957371836938
10956,0.1470336648345043
10959,0.1652893654854294
10963,0.1006015993958414
10965,0.1343721116428811
10971,0.06452618719223226
10975,0.14212982237644348
10979,0.11380025612097996
10983,0.1312294807453667
10984,0.12197538053595604
10989,0.06611816028174101
10992,0.11645737210596865
11001,0.05630184816894709
11003,0.05445950620412192
11004,0.04359691856355457
11008,0.05925305544460691
11016,0.05988762423251608
11017,0.03034459186626777
11021,0.187446030422629
11028,0.2076445127771036
11034,0.12886239257381185
11035,0.057850614359431486
11036,0.07732556409607329
11041,0.10646965112742707
11047,0.16794554708464005
11056,0.17337312070618385
11058,0.14457557773356783
11059,0.06723597048477269
11060,0.08413209622704344
11064,0.15030720614573595
11066,0.07593209451616335
11069,0.135640588124449
11071,0.1287869205928428
11072,0.13344915345082786
11077,0.13525917217906955
11080,0.11551382248255204
11092,0.1161422539565437
11097,0.05413203196124106
11098,0.13048756347161616
11114,0.11664959985586865
11121,0.04274225254033062
11124,0.14871701186450814
11131,0.1421997438047376
11143,0.15965806437643876
11146,0.08442912282377088
11154,0.13158634439027886
11164,0.14289308936364944
11172,0.13731216192174528
11173,0.05858124288885984
11174,0.11183024427338617
11175,0.1270413262004382
11180,0.14672804649725676
11184,0.060805715471921755
11188,0.12208388547543184
11189,0.06038875741345679
11190,0.08953148185365917
11197,0.05223226468456527
11201,0.1566660157291712
11204,0.13625674087697842
11211,0.12347481525216339
11212,0.1405576870299826
11218,0.13917745207096816
11219,0.1404940700400586
11227,0.12685924210066635
11241,0.13961358737045806
11251,0.059765091998020714
11254,0.0384154168410591
11260,0.08477147489870612
11264,0.11703244454317722
11273,0.07323275597810693
11276,0.05891903471440897
11278,0.053747961316704604
11282,0.14761132974634872
11283,0.13099615608303472
11291,0.13592948825034867
11293,0.14676288310399804
11302,0.14777911942987193
11304,0.06216721541601023
11305,0.14483193478349107
11315,0.155065444577211
11321,0.10093594407041205
11325,0.13160271458270212
11335,0.13646003499076767
11341,0.1258927352109484
11343,0.12091018931464582
11344,0.16440488027704536
11361,0.11424777681608966
11375,0.1361437250228907
11377,0.07070380156443845
11379,0.1576847321966285
11380,0.15686382875846905
11391,0.13771496468617966
11393,0.14701762898471035
11394,0.1489726934236465
11398,0.14599330361918972
11399,0.13451888804420092
11408,0.11504961413182055
11412,0.130964281148275
11420,0.13565069825393958
11421,0.1605820330241433
11430,0.05677956244493656
11437,0.13084734053191996
11446,0.2307750605089568
11471,0.10848392709457672
11472,0.14631216229945532
11475,0.06362427158648887
11483,0.12701229876907844
11492,0.12581352584336347
11497,0.13463491949295958
11498,0.091830072463652
11502,0.13285956004395647
11504,0.24579985595648718
11511,0.20578833077405748
11512,0.11212073799071665
11514,0.060162330260202096
11522,0.14398675653590487
11524,0.14375927530911928
11533,0.16942876066791002
11534,0.08495849423300773
11541,0.12158045727919603
11542,0.12009061421606114
11547,0.12061680231536737
11548,0.08278209604208561
11566,0.17129118982915337
11572,0.14901995514893793
11574,0.08003249705635138
11576,0.1295122035694864
11577,0.05278686607199773
11580,0.1228042239981349
11598,0.05465971516362807
11603,0.11030084452589836
11613,0.14874312542601123
11614,0.13827440190154378
11620,0.12719561305759486
11621,0.14598447701865075
11622,0.049413938973506044
11626,0.05134850301969237
11630,0.1545131935228429
11636,0.12846096353750006
11637,0.06155287968126198
11639,0.08240712474802858
11647,0.14604962719887288
11653,0.12083574616009028
11654,0.040864724149056016
11660,0.12948957678657894
11664,0.1401618148710311
11667,0.14415386475329064
11679,0.10429680029621521
11687,0.14624183813032077
11691,0.05677757890148304
11696,0.12746857349355958
11702,0.1673016309909024
11703,0.058313449286657625
11705,0.14715793001139432
11711,0.14199585228754225
11716,0.10758902879689175
11717,0.1579875854696577
11722,0.057219917190009156
11724,0.12824636372348014
11728,0.14504259913167034
11737,0.11103185780189236
11738,0.1275846365387256
11744,0.12500492256333562
11747,0.03423317503652003
11753,0.06099805270438329
11757,0.1468438694249397
11758,0.07343981942077153
11760,0.08460610531495187
11762,0.1304385821354763
11764,0.14453493478434498
11768,0.06348881328956905
11773,0.07176297433137528
11774,0.1754532574340048
11783,0.09983874803885467
11785,0.08005343936241381
11787,0.14236046841465683
11791,0.11950832393678282
11796,0.050128442919469426
11797,0.07874061910932964
11798,0.05250796810204958
11803,0.06421289090484546
11808,0.126354953642866
11810,0.1278761856223084
11814,0.14201582080780478
11822,0.13932614804388058
11824,0.060031370842195036
11829,0.13332526621747293
11846,0.14150772731026487
11847,0.12889853728296422
11850,0.2603700560497305
11853,0.05651162100876104
11854,0.07001941100272441
11857,0.12659544971160652
11862,0.10798371016876994
11883,0.05013315766463119
11890,0.12316141770083348
11909,0.03168151843727293
11913,0.16013592969589877
11917,0.14909895886348243
11919,0.118922723772151
11920,0.06075200537353816
11921,0.11101722750805507
11928,0.11754050249482077
11929,0.15152237484594014
11935,0.04051737655807677
11936,0.04937448912363234
11939,0.05354007021881778
11942,0.05695327427718711
11943,0.1300666936328604
11946,0.12046061441099953
11947,0.11768986826262419
11952,0.1533245804547847
11956,0.12912325019543996
11959,0.2288646707544972
11969,0.12769764454446986
11973,0.14561849858447157
11974,0.14266800360081336
11975,0.13854883797576176
11993,0.16561961525122992
11994,0.14288063120953606
11995,0.08860600353829141
12002,0.1420697181814363
12006,0.09142317529529632
12007,0.12668703738093284
12014,0.13950810520779316
12017,0.17603055291176417
12021,0.1469379718475369
12023,0.16210255437508492
12024,0.13185273143889928
12027,0.16343493468889406
12034,0.1309974281450789
12040,0.12435818226472144
12048,0.1259104571040118
12052,0.060830430361614625
12057,0.1573476486188297
12058,0.19884787089445208
12061,0.12268588967880444
12062,0.13795687119278444
12064,0.06768981579292978
12071,0.13857771914330944
12080,0.171743897391678
12085,0.05268725984138606
12090,0.1474933048886221
12100,0.12633610984320923
12103,0.14324265438064834
12104,0.13752492954766898
12109,0.03054538948952185
12114,0.13911674242629346
12123,0.0748980884513224
12124,0.05862039762412709
12128,0.23968023801059515
12132,0.12455860707417346
12135,0.12734668466144738
12140,0.24649668011288733
12149,0.05309739212962497
12155,0.11001060810254251
12158,0.14491070058609734
12161,0.15334366511311204
12163,0.1293838332138884
12164,0.13230692648456016
12174,0.05944691350946393
12175,0.1455856519312354
12179,0.21150529077474656
12183,0.14029938716909027
12184,0.14289633254672526
12186,0.05809506234435162
12190,0.1311371738886308
12193,0.1467014298669904
12195,0.07003333611891444
12196,0.051012512168337375
12205,0.1424315330192972
12213,0.1487374822255387
12220,0.14237423248515774
12221,0.1475857494873477
12222,0.06509077354693645
12224,0.1354215158460546
12230,0.13581776337128879
12239,0.11994814321476002
12242,0.11839123751214384
12244,0.1383604162833506
12245,0.14900417078947611
12247,0.14003626400785013
12254,0.1643623530595587
12258,0.13628220533715896
12266,0.06495767179757464
12267,0.16076955891151656
12272,0.16760939337280478
12273,0.13106535037688896
12276,0.16309331775669242
12277,0.12246917400713861
12283,0.1318350920584064
12289,0.05568492540751511
12297,0.13205243813012194
12300,0.2743766496112706
12302,0.06588361749010138
12310,0.07320291116584779
12312,0.13907762176272828
12314,0.05476358178767302
12315,0.03195302125459764
12327,0.11430115106107294
12329,0.1334958096183688
12332,0.12268492880341607
12342,0.06477568724447788
12346,0.11923355301797443
12347,0.23933085960612832
12349,0.05909892909635186
12350,0.12190242553045808
12354,0.12508375107444686
12356,0.03874953324139178
12359,0.13465329343176993
12360,0.15802634448835864
12369,0.14448072858508088
12372,0.06101101208029884
12373,0.031685627783907794
12375,0.16048875024713427
12376,0.14827429789140184
12379,0.0692252075762835
12382,0.12404058348000706
12387,0.07134464302710739
12389,0.1394941029631104
12394,0.16635060606297142
12395,0.13474079155615315
12396,0.14745277959727918
12404,0.15634140379078112
12405,0.12944533115081433
12412,0.250013598905527
12419,0.08149764862889777
12431,0.12074488462840674
12440,0.14142002845999638
12444,0.166445014838227
12447,0.05696747834674589
12452,0.12034698968677934
12454,0.13010538752912332
12456,0.1399662536741028
12461,0.058854555234999474
12469,0.12907965311909736
12472,0.0837250057238892
12473,0.05460263829552769
12474,0.13232869048458287
12476,0.14800456718862903
12479,0.18340445379843676
12481,0.13321548039617018
12487,0.07175969345965325
12493,0.12813949286141854
12501,0.13524174496129712
12504,0.12277614522826194
12507,0.12233304115690458
12510,0.11549983755357286
12512,0.2596582454409725
12520,0.1399072805504036
12526,0.14482100921183122
12529,0.1515193311969942
12532,0.13057414267922215
12533,0.16187416078148334
12544,0.20619165954249688
12546,0.1189366817845425
12551,0.1392782366137907
12555,0.23602153310217017
12576,0.12447159014548669
12581,0.13186534327531876
12588,0.137004471232775
12593,0.09279010568252848
12594,0.10965927620096996
12598,0.12021864446852813
12599,0.1606103248628819
12601,0.12885684898256886
12610,0.17193181343518088
12622,0.060071770233986896
12624,0.12825747429430537
12625,0.13799174012235424
12629,0.32364869647725003
12632,0.032983361081630594
12634,0.04868186943135246
12635,0.13053096147393947
12638,0.15282048122693853
12640,0.04604057143418857
12641,0.13962562420287078
12643,0.11733465757930635
12644,0.04039823019854316
12647,0.12370296501686646
12651,0.17090549782809794
12657,0.1334901421778162
12658,0.14380978615628165
12660,0.14890646163206897
12661,0.11411329016994498
12666,0.1185445402212233
12673,0.11120273218572814
12678,0.1362761062276181
12681,0.1512796188122115
12682,0.22611227792197727
12684,0.035385945481690106
12689,0.14149410271160504
12699,0.1473959686442435
12701,0.142067823153975
12710,0.10003213898661029
12712,0.13637219035588088
12713,0.14592259317896272
12715,0.131036368343145
12716,0.13373652805856578
12717,0.13221721388890043
12718,0.13847903886155913
12720,0.12108672147968111
12724,0.12862964600386026
12725,0.15462753308535448
12726,0.12814269342094678
12741,0.16004399067639513
12742,0.18837494231852964
12743,0.14106400364786761
12748,0.12241722854060533
12749,0.03824736463765724
12751,0.13818613594131895
12752,0.14473054303495442
12756,0.1282896041624411
12760,0.12056280880346036
12761,0.14023827744505094
12764,0.1444310812052
12767,0.06304520702434062
12774,0.14683231875692362
12782,0.07489980883181176
12783,0.22173805028231225
12784,0.11839601802477123
12785,0.12684988550265142
12787,0.16668223907923388
12798,0.11595990251432878
12805,0.12279745031273367
12806,0.10793808738290675
12809,0.1013216255168029
12815,0.13493694922809374
12820,0.0513883281881602
12824,0.1114735243004714
12829,0.12051453771957234
12833,0.13401049530623457
12841,0.13934105839099353
12843,0.08670504404744832
12847,0.1271586889541586
12848,0.13464412529261488
12849,0.14116338831392417
12852,0.1331780685851447
12855,0.1441515437918556
12864,0.15960240494056738
12872,0.06643641344087259
12873,0.14373367257762
12874,0.15034490801354172
12877,0.23519599773045352
12879,0.12431652666881696
12885,0.1386118669464721
12893,0.1360944650580259
12894,0.15793995737428404
12895,0.2062997111490334
12901,0.05698343406290984
12912,0.1141673530397008
12919,0.14126184505254563
12924,0.12255328048872206
12929,0.12548790767352308
12931,0.1448781778518151
12945,0.12076630517467192
12958,0.04212313318548019
12962,0.15707277679668713
12964,0.14037149720196004
12974,0.15756315687389
12976,0.03838701580415135
12980,0.13470311473838478
12984,0.13157249878695212
12987,0.09093507225130971
12991,0.1323157639883923
12995,0.12358355156437495
13001,0.21421728658804745
13005,0.16203497243290702
13006,0.14568273080084335
13015,0.12820918094726752
13017,0.14088710694724454
13033,0.15086626875576564
13034,0.13834198554423333
13035,0.1260833533893993
13038,0.21110376343636753
13044,0.05165617104849041
13045,0.14501542404788695
13052,0.05308341650549094
13059,0.13364774174017047
13060,0.046814794064147916
13061,0.12924114597805506
13066,0.21554706416135544
13080,0.22319432481196494
13082,0.1741288736043342
13105,0.14798054227460802
13106,0.23940972555560464
13121,0.1737566347898567
13123,0.15584008591886042
13125,0.052922529193023836
13129,0.130305410594944
13130,0.09618888482859016
13132,0.1579155381533688
13133,0.12792600307147284
13135,0.1499426202437892
13141,0.12441941450705994
13145,0.23558838611054753
13149,0.0643017122347933
13153,0.152172107135701
13158,0.1302886407893918
13159,0.14159973760123165
13169,0.3356179413157382
13170,0.1353697689870017
13178,0.13131434703284856
13179,0.07064907205140555
13180,0.1290116207963274
13181,0.13487373610131514
13183,0.06218123367962303
13196,0.13087482661513727
13200,0.1552215223748772
13202,0.09768946315050737
13204,0.05132616171170997
13208,0.1315013361763077
13212,0.13276885698323926
13213,0.14400816806050407
13218,0.14419775274640045
13225,0.11384578942905746
13229,0.13277466989399297
13232,0.132129184971365
13233,0.15163862031757763
13234,0.05410800405459617
13249,0.07208235906590635
13253,0.13451730118083638
13255,0.14439953517562498
13257,0.22559671215308713
13266,0.054107878304595666
13269,0.057922726861750505
13270,0.1439926573535457
13274,0.14140060308976266
13281,0.13222447197651802
13287,0.09506567709637313
13305,0.13130061405764873
13308,0.05324382288611515
13309,0.06460359489045804
13310,0.18624135098361128
13314,0.1384445929488874
13315,0.034211925701103055
13324,0.09916976683507045
13326,0.13867481979587318
13333,0.147059493491364
13336,0.11349437307012605
13345,0.1437956099594856
13348,0.15157097068656702
13350,0.21181558687772195
13354,0.1540975068014085
13360,0.14874248941114093
13364,0.1473551176882766
13366,0.14563043467109354
13368,0.12546777982938323
13375,0.08300308067847942
13376,0.12196798771254425
13380,0.09727153854996694
13382,0.03201049997483895
13384,0.1598663339650232
13387,0.15110822762388093
13390,0.07692984076968916
13398,0.13595159857985115
13403,0.12330466726446349
13404,0.0910442348822859
13405,0.13384834417034036
13409,0.16986033198482237
13411,0.1225470613418286
13414,0.1485656592747276
13416,0.1301474571911949
13417,0.05949042083461446
13418,0.13068728025156268
13422,0.06534741379988451
13430,0.23992353350613366
13435,0.03258432031879101
13439,0.13510016740350542
13446,0.11713649346783196
13448,0.06138766935572375
13449,0.12799347294258695
13451,0.12596959493024038
13455,0.13427444376935369
13468,0.14598121020429963
13470,0.05756101690451441
13474,0.05762201594913523
13478,0.1401954981606552
13485,0.12916078359004285
13488,0.16209836824963575
13489,0.10752236540836115
13500,0.12708712148070603
13505,0.05191634923536836
13506,0.13261472461314808
13517,0.06092222789645153
13518,0.08881464680393812
13523,0.1232439653064068
13529,0.13768530533806536
13532,0.07462766533565768
13534,0.11899065036491742
13539,0.13037233311245794
13547,0.12551970454299072
13548,0.14737188581514224
13550,0.310564656873712
13554,0.15689889216091685
13555,0.1726658140129672
13556,0.14620306413899356
13558,0.06253530722970617
13562,0.13818705628718356
13566,0.1429612692758883
13574,0.07225417619733922
13576,0.1398940158394544
13577,0.16342734323240102
13580,0.044891467879321294
13586,0.20095277256636745
13598,0.25346909192241524
13600,0.12507080932527778
13602,0.11211802770615449
13604,0.12759134401960917
13616,0.14277478868292
13623,0.1250703806764713
13627,0.16063670909531705
13630,0.06521159235636714
13633,0.1534495862475307
13635,0.1360347517172897
13636,0.16137159146337798
13640,0.13534125335533903
13642,0.21700108674556234
13647,0.1586221211073361
13648,0.23759781991263107
13652,0.12211932870931794
13659,0.035902793972684366
13660,0.11111361175899517
13666,0.14566778259148483
13667,0.06204171790642826
13672,0.12671167377780748
13673,0.15554092547773327
13675,0.11632750121774686
13678,0.14120247019949608
13682,0.09382449107605828
13684,0.13085690442081258
13689,0.11997730529128971
13690,0.1217047107593305
13696,0.14618644666511144
13706,0.1327830495596376
13710,0.3441624319637939
13711,0.13490104233914685
13712,0.1555804429807662
13717,0.055481482550451884
13718,0.13077058974534084
13719,0.1281750261247444
13720,0.0992668300148031
13722,0.13028217859600155
13723,0.14233119875420835
13726,0.1202229109814525
13733,0.044032249536479974
13739,0.1606329429344116
13743,0.1364568203682142
13750,0.13404003201414522
13751,0.10419007011042697
13754,0.18551945972691328
13756,0.07718561673849059
13760,0.054286233820577
13762,0.14529721518567326
13763,0.12766093151673172
13766,0.06410715871965225
13767,0.059858626901830025
13769,0.09319574576326063
13770,0.12307501640880206
13774,0.16045447995003576
13776,0.12799393968668094
13780,0.06308415123087688
13784,0.06003784800755123
13789,0.12904884129839675
13790,0.1532719094454576
13792,0.08955877306737543
13795,0.14251890146745896
13797,0.11866274431972743
13800,0.11391204914633084
13804,0.12031595382028021
13815,0.13002367001872028
13816,0.15510715482255652
13817,0.15752068133404873
13820,0.22235983530028985
13824,0.15458322197460833
13830,0.1750778263489943
13838,0.12701493519046897
13840,0.054667775076863975
13841,0.04918055337697146
13842,0.14497856498457778
13843,0.06425235646773136
13849,0.14170734883154892
13852,0.15037432527153036
13855,0.03364343489162694
13858,0.13227771243074724
13863,0.053135296955384624
13871,0.2318171265362341
13872,0.1371738138247255
13873,0.11490211832393125
13874,0.1398363669534417
13877,0.15301425273656805
13879,0.14498411514425777
13885,0.15322200678650513
13886,0.14053415464100694
13892,0.11728574743953873
13895,0.05888477279055766
13906,0.16209566819108362
13907,0.14449255024854704
13908,0.05349603300851661
13909,0.1208656989091959
13911,0.10801768979885258
13918,0.17346942432562612
13919,0.1404776235819074
13927,0.16617548445940042
13930,0.059175145917105855
13931,0.14483528689455055
13933,0.1545154636384286
13938,0.15059509047914862
13943,0.056677887320497666
13944,0.06702553493965131
13946,0.13550235764097163
13949,0.09452196331412024
13952,0.185942546737888
13957,0.1548697300499227
13958,0.07901198972310239
13965,0.0910025503195573
13970,0.05085030983388448
13972,0.15887303264778066
13981,0.1442402664878077
13983,0.07502005979600804
13985,0.11945359604038236
13986,0.1187458348334247
13993,0.1527145829810295
13995,0.13200853403766652
13998,0.11462298655164331
14000,0.052227771730187764
14002,0.03158183841654645
14003,0.07592153118222718
14019,0.1515614744223133
14021,0.3453625244866215
14026,0.1387785501182423
14031,0.07195353169813175
14032,0.15460100778958485
14034,0.12169895697367294
14035,0.12437326452089215
14043,0.07417810633227061
14046,0.14973265208843994
14048,0.15140167729113072
14057,0.151966535524525
14065,0.12810278797882743
14067,0.06794725486665248
14082,0.03808548126595699
14086,0.1496315281669083
14103,0.2271253893924499
14104,0.1761920446577923
14106,0.16318001346764902
14107,0.14515407702963565
14111,0.05802500355875261
14116,0.05771722757417369
14118,0.07573934150314347
14119,0.13280461793634638
14122,0.1095916419700134
14123,0.1219498849890439
14124,0.058288478898745645
14125,0.1444152967331684
14126,0.15934554533754514
14127,0.12827346941981907
14133,0.1451383892605022
14137,0.1351431858085406
14139,0.12782034106661308
14143,0.11786529788069607
14148,0.12186489332365165
14149,0.1306854711399118
14150,0.06361427369035366
14162,0.05983927885689653
14163,0.13305034274955496
14164,0.12238811718335081
14173,0.13747204776107314
14174,0.1654887289514152
14178,0.14488974692241344
14181,0.06766572226457787
14186,0.11455183009889665
14187,0.1441904006175974
14188,0.11575100658153946
14192,0.16379887799587103
14193,0.139580401860164
14198,0.22504036490716364
14200,0.14475843180577333
14201,0.12872377717532402
14208,0.2152327007895784
14214,0.1303827577133125
14220,0.10679870819518478
14224,0.13389723067415474
14229,0.12095311855026926
14233,0.10053061360091964
14241,0.060032923906482454
14242,0.1405504573124778
14246,0.12421764183152305
14247,0.11792563983714555
14250,0.06597042053453699
14251,0.20157131006202456
14254,0.15894528273066727
14257,0.045073635610266796
14259,0.14411372978630504
14261,0.12198167809047226
14281,0.11242931672442973
14282,0.13908457355433523
14285,0.05425664189025511
14286,0.1406932758915436
14293,0.1344247561115331
14297,0.057580347971913526
14298,0.12111820164115152
14301,0.05473146270963881
14308,0.12036974702758761
14311,0.1368290051065497
14313,0.2215663231232147
14314,0.05708195631703493
14315,0.05323984437125332
14320,0.12964474239577808
14325,0.029858460359415636
14333,0.12804532031312862
14336,0.13331374489327494
14338,0.1413055362121959
14354,0.1429202053412467
14359,0.14165395342541293
14361,0.13956789676979098
14362,0.13931534254566239
14363,0.156549413612842
14369,0.07438671910326936
14370,0.22764199584593728
14376,0.11730706664051153
14382,0.23914708378033997
14387,0.10572701000426615
14389,0.15675997825582713
14390,0.1323391571314968
14392,0.13189156051380513
14393,0.0923376880704569
14396,0.13040482472839826
14407,0.12842253489315225
14412,0.11053670886616006
14413,0.1570798690704225
14414,0.04505497892049898
14416,0.13214867692686094
14417,0.12712470907849177
14423,0.16181806082926292
14427,0.15195136657245717
14430,0.17155760604702971
14433,0.13097994489385004
14434,0.12096762268812024
14435,0.18309944445113777
14436,0.12358017620562833
14438,0.0527855838550597
14439,0.13035501350738055
14442,0.1099372337002438
14444,0.09416620692760547
14446,0.1255193451462581
14449,0.24809242331599207
14451,0.12724901228477614
14459,0.14594461452516458
14464,0.1344556840562289
14467,0.14214777564855355
14469,0.1537666188452426
14470,0.05568810280676198
14471,0.13625368437851135
14476,0.05080684798313525
14477,0.1404506176811929
14479,0.054391927197713213
14480,0.15452865352509476
14481,0.031058591405507974
14485,0.10506602183164553
14486,0.13019258518848204
14493,0.13151391785814634
14504,0.15558149558524925
14508,0.14211739714863594
14509,0.14108982640135112
14516,0.15543449784127616
14520,0.1381583552148386
14522,0.14878965722091303
14523,0.12029582596411358
14529,0.14612588366546828
14532,0.055719884469388234
14537,0.05923604779587618
14540,0.12570375574499754
14541,0.123126011552928
14544,0.14024275762457386
14548,0.09896747274345102
14550,0.17768701560131778
14554,0.05870396347055931
14555,0.05425585824799966
14564,0.13424225922047536
14571,0.07610895237161996
14572,0.14103647089714993
14576,0.12550730468787422
14580,0.059740383526642224
14581,0.12776172073575665
14582,0.16187952479364381
14583,0.14846238167548653
14586,0.12623943805358573
14591,0.12438657668909119
14593,0.14740215311121255
14594,0.130564480098956
14601,0.1359267801881446
14602,0.09853238337332008
14604,0.1549355826989733
14610,0.16538188376691315
14620,0.12521527640978228
14622,0.18123357390900044
14628,0.0657009003610109
14629,0.2599867644932151
14630,0.12240519015145657
14632,0.34092004878569193
14634,0.11804212313539601
14646,0.05867427083279719
14648,0.1561089972481266
14651,0.13162813881407387
14658,0.25635640777981106
14661,0.1343010522700538
14666,0.055769350011902565
14672,0.16064452087990128
14673,0.11282542507840808
14680,0.12498722318146795
14685,0.1793480077712589
14688,0.1389766895543627
14694,0.13912015605115358
14695,0.17077176783707923
14702,0.14160698527781374
14705,0.05140739819157613
14706,0.14304116288240157
14707,0.1411298644130118
14711,0.14918021700065662
14713,0.06432602549286434
14714,0.13129630673156656
14717,0.1379129729130197
14722,0.22927236370154694
14726,0.13792344490840386
14735,0.10759058945892279
14736,0.15060831127135618
14742,0.16887326039806014
14744,0.38122625615711914
14746,0.14509841682554073
14748,0.14118156647667918
14751,0.15967691768898443
14753,0.1544827034648578
14754,0.14907720880169284
14759,0.15898728530654688
14764,0.15477462591888444
14766,0.1464988985437347
14767,0.15767746018246867
14768,0.15271970920917777
14770,0.12146169299700314
14773,0.1770379629725232
14777,0.13374392099868407
14778,0.13010796262448845
14779,0.11086442332932771
14782,0.1319485608732994
14783,0.15451719509428638
14784,0.12266331609297189
14793,0.037051910576330734
14795,0.12539639892589322
14797,0.1321581563290831
14800,0.052082170446940405
14802,0.13607984843434937
14803,0.055462204005125255
14805,0.17440188409888988
14808,0.23705716988217324
14809,0.07289626108407998
14812,0.3543175817461349
14813,0.1667797570235903
14814,0.15292829494615878
14818,0.15866102973468094
14819,0.08412994865233438
14820,0.04742651480922141
14821,0.23673823126259172
14822,0.1425678447081545
14826,0.14423465414249428
14827,0.12101436194564484
14831,0.15571986910648994
14832,0.13884699447116225
14839,0.14616986808520585
14842,0.14967081165924193
14848,0.12382536812414463
14849,0.04915267038984347
14855,0.13250880054794228
14856,0.1613787365382728
14865,0.06609697799345006
14866,0.0637240334087482
14869,0.12270171033414148
14873,0.15053581131454635
14877,0.1250915365220562
14881,0.06223058927648081
14882,0.21680124714055363
14883,0.14639034226086572
14885,0.15201563813095306
14889,0.17690369609798437
14890,0.15088372875191824
14892,0.13343154546563823
14893,0.05012210334161208
14894,0.059488282761848366
14897,0.14476229516578712
14901,0.0919236772543432
14904,0.05098196677051609
14908,0.14938429504393852
14914,0.1342117130285316
14916,0.10301354309899842
14917,0.05729399780727562
14918,0.12082118470198744
14923,0.13664079663632234
14927,0.1248552187144387
14929,0.1493721607177404
14931,0.14383966053291158
14935,0.22666797155974733
14948,0.24966759661857657
14950,0.13413459000745798
14951,0.1384575517462588
14952,0.051850739626680874
14954,0.22265407213761543
14960,0.06029538562170086
14962,0.05444401419499913
14970,0.12338968008045553
14973,0.1366338210160489
14976,0.15421612269596668
14978,0.14111632027319565
14982,0.13659563430394817
14985,0.06133926505187661
14986,0.12452149632123252
14987,0.10544995823095056
14988,0.17436031953603265
14991,0.12797225757197533
14997,0.1434478179425003
14998,0.1434656970480963
14999,0.14035242607880136
15000,0.11787917248796582
15005,0.16056683395332505
15006,0.12799829339553273
15009,0.1618625792169125
15015,0.12903198534137897
15018,0.13736004979254082
15029,0.1619942035977774
15037,0.23768734363188984
15041,0.1464010869583067
15042,0.12716596712216463
15047,0.12951332512002167
15050,0.14400969127147364
15053,0.15704405108090902
15056,0.1710559854771475
15057,0.15972519017364778
15058,0.12926428086627492
15060,0.10402363480852887
15062,0.14182596909101752
15066,0.07267017592372396
15067,0.15629575312856275
15068,0.06276052657690068
15069,0.060375061603204994
15072,0.1429514618030003
15077,0.13695431146656603
15089,0.14665012573207886
15093,0.13933996032539195
15099,0.1167292560873932
15101,0.16051668110079997
15103,0.14596489505610866
15104,0.13984556589361355
15105,0.12118007963349342
15108,0.12145840693865946
15109,0.13252954933371947
15112,0.1423876450689798
15114,0.15202634266434065
15117,0.05859439326216356
15122,0.12439597055573977
15130,0.055498324498031194
15132,0.06362647968879331
15133,0.12401933145082662
15134,0.05278542383587222
15136,0.14022955406584695
15137,0.2141702695428068
15142,0.06483748331775002
15145,0.11730053122071166
15146,0.03724182440019129
15147,0.1260731830778094
15150,0.2180300886853919
15163,0.1663011281913466
15165,0.0602060464826992
15167,0.11721760697645134
15168,0.049625248142463975
15173,0.12043377390286376
15181,0.13444769269324836
15183,0.15675233905809222
15185,0.16689999112271528
15186,0.15358788771755136
15189,0.09435120030993874
15190,0.057282695742041395
15191,0.11379971977157
15193,0.14899112681236173
15196,0.11925516304467479
15199,0.1482157239922072
15200,0.15140169255862396
15201,0.16227027540709332
15204,0.16519304812579386
15207,0.05639287187027007
15209,0.16056793517260293
15212,0.12800594708832683
15213,0.13369091485943288
15214,0.1480984321955948
15215,0.15156198670438525
15216,0.14474630511073197
15222,0.13911949566028453
15223,0.09625540282180238
15231,0.12488425019363726
15236,0.1484397332145091
15240,0.1677558410373085
15241,0.1557346853973945
15242,0.17370198210749271
15243,0.15631706014904775
15247,0.16195187624694876
15250,0.12447397851391237
15253,0.13545473936319635
15254,0.13867252929460538
15255,0.1572685953619736
15260,0.12121660088075632
15265,0.05430985184224355
15275,0.12078042083896286
15280,0.14127707835757938
15281,0.15481026249297164
15282,0.170462828600743
15283,0.18144828563781767
15284,0.18305639816427982
15292,0.14931710169513152
15293,0.11372577384900547
15300,0.16657364284248227
15301,0.131985976103538
15302,0.32979012906728256
15303,0.12697038258970642
15306,0.12397073464041762
15311,0.141654711598637
15313,0.14561027124432535
15320,0.13489315111822311
15322,0.05069948914245043
15324,0.13005376460404258
15327,0.16335999527828463
15329,0.1253229112362218
15340,0.2444069641094743
15349,0.1339160754793643
15355,0.11753992756824247
15356,0.15514436784748337
15359,0.29346903994373535
15360,0.12526681067097709
15361,0.0863976847559703
15364,0.15421350863559263
15367,0.06601126876694662
15368,0.22484696685458466
15372,0.22529829606843585
15374,0.06158475114120637
15377,0.1753853988028841
15383,0.15707280491030037
15386,0.03207699053054439
15391,0.14773735418848272
15394,0.047717855542223304
15395,0.15021950683344176
15396,0.06954105624020837
15397,0.12729242566944154
15400,0.08372558565870493
15404,0.13344492580604836
15408,0.11424350040158403
15409,0.05696347244767932
15411,0.22383995304096216
15414,0.14979229075172734
15416,0.11381226888776924
15421,0.082302959832982
15423,0.11398530803543186
15425,0.049738427482359404
15426,0.15950271292636303
15428,0.14413730603773425
15429,0.12091298198500948
15437,0.1714923135597764
15438,0.058108592618791984
15449,0.12252367492473354
15456,0.14964219874397955
15459,0.17319048687727456
15460,0.1479252237032448
15465,0.16035154669051385
15466,0.1555984814452643
15468,0.16970945342636437
15469,0.053840727492953384
15470,0.13018335558381242
15473,0.18548282464932253
15474,0.15863708477610802
15484,0.11071758551497982
15486,0.14544825634689415
15488,0.12060112054333473
15489,0.031543763233374135
15493,0.1280106906031746
15494,0.12178571239494293
15511,0.04974996402348268
15512,0.1668981083800026
15517,0.17199945045179946
15518,0.13751813640460714
15522,0.05272703468816065
15524,0.1513255982464925
15526,0.11197728686281748
15527,0.11741895703841758
15528,0.10716819866676229
15534,0.13180630926696868
15537,0.15894601153881435
15538,0.1387310274689236
15541,0.039826860790730986
15544,0.14173349256163803
15545,0.1350590723981991
15546,0.05347684227131604
15547,0.06320572753280408
15548,0.16645389756874795
15549,0.1776557003037219
15550,0.1266376120059129
15551,0.06751592288961643
15552,0.0574292205350046
15553,0.1272880381058838
15562,0.1166827278877348
15563,0.22563152888434607
15564,0.16015744745100552
15567,0.13280592494101237
15568,0.14270589066386077
15569,0.055759871237746575
15573,0.05507272736994208
15574,0.11290407632392462
15579,0.13223914118433006
15581,0.057728308105717885
15582,0.1425296167807122
15586,0.15226339151756693
15589,0.12353067142574932
15591,0.11938274404310785
15594,0.12757729876108836
15596,0.12446566838529363
15598,0.14111830185921406
15600,0.12604368339036182
15603,0.1559201612490713
15617,0.05132781151537527
15619,0.1618448546510274
15625,0.11615155826871532
15633,0.05902361867543227
15636,0.1600740749250359
15637,0.15793267842639358
15640,0.12347262230829496
15641,0.1252000927416259
15642,0.11196683939688196
15643,0.09861273481599439
15650,0.11043276534477213
15653,0.07953714585015116
15655,0.17945443758576238
15661,0.15039425151152866
15663,0.14124822388430242
15665,0.059707069466382406
15667,0.13953418647508875
15671,0.0572990701074591
15673,0.2363601751123305
15676,0.059424852413853764
15679,0.1458012839325009
15684,0.21762008030806862
15685,0.057219233995128446
15690,0.1265495044339386
15695,0.11684870067017074
15699,0.19151101643726648
15701,0.07482501414217702
15705,0.22985477504159646
15709,0.05397187628295879
15717,0.1422687406286889
15718,0.26319649139550766
15724,0.15629702450484662
15725,0.11870876275347803
15728,0.14153350555513594
15729,0.14821181060461056
15731,0.12809807805844073
15732,0.1301416978883614
15733,0.13647209941080535
15739,0.20813420567508284
15742,0.05316101628596436
15743,0.0594284667578596
15744,0.11600561277786267
15745,0.044175655643531465
15748,0.06435469893537345
15751,0.18890148196644901
15752,0.1422805220101626
15760,0.06128914387014198
15761,0.06134655606336537
15764,0.1421679690669047
15766,0.17599796388536193
15770,0.05244829209050736
15773,0.061050605228732284
15777,0.14779103613986
15778,0.16484092251788154
15780,0.0656192785942493
15782,0.32273314753391125
15783,0.1482695476023364
15785,0.12630368258093577
15787,0.14291030673998925
15788,0.1711327149535175
15793,0.22564280347745164
15795,0.14056049317610583
15798,0.1757642232803704
15801,0.1667380653665209
15809,0.12529609161969116
15810,0.12431658732316506
15814,0.13308851753211612
15833,0.24079852568882346
15835,0.1654667863061315
15837,0.04754680190961601
15841,0.12680205539118458
15842,0.04445674944018981
15845,0.12210462186025306
15849,0.06051935269248664
15850,0.07301936326632542
15851,0.04844235536283144
15853,0.11892057692419562
15854,0.1415962820281538
15857,0.06283151761087388
15861,0.23908686944900295
15868,0.20233768194410168
15871,0.13587028199919607
15873,0.10946609356204776
15876,0.1358812163705915
15883,0.12515544786116092
15884,0.10481204900956664
15887,0.09723705493831061
15888,0.12170817995452489
15890,0.1337703235005348
15891,0.1531650620567311
15892,0.12758695371437104
15893,0.12157072806850534
15897,0.10676749949968933
15898,0.2420446478866372
15902,0.16814628455500058
15903,0.06426433955253352
15905,0.14806450485551836
15910,0.14097571574991338
15911,0.13878930047724955
15912,0.13505620739103283
15916,0.06397157158056821
15917,0.05153467803916569
15924,0.17039956240506476
15930,0.17368405563303835
15932,0.16842565967752968
15937,0.12477304130245077
15940,0.1437339192091837
15942,0.14123493535878626
15943,0.25192973212518277
15946,0.12985517010923364
15948,0.05924969458883179
15949,0.0604011524529737
15952,0.12646922782212194
15954,0.06321555912903298
15956,0.13177794095324444
15957,0.10016244692944669
15960,0.06676886059806522
15962,0.12663182362841366
15965,0.1264832655003256
15968,0.16147643473263523
15969,0.1406727419748555
15975,0.1153976989470363
15977,0.23585484879431448
15982,0.13050086910226372
15988,0.14854400550159813
15990,0.06283201847236863
15991,0.05292083728718045
15992,0.04560533053660403
15993,0.20336958010910572
15997,0.14405227608867768
16003,0.11422941383232073
16009,0.13815274301250477
16014,0.16212977841766224
16015,0.14596180685046456
16016,0.05989687553195623
16019,0.1326903809667572
16026,0.11621385288777619
16029,0.16367856541033657
16030,0.14632612868546696
16031,0.054767060950828034
16032,0.14312524092154985
16037,0.06103935328623118
16045,0.16606777668719486
16049,0.1441625755054635
16051,0.13158462253495917
16055,0.1843914895272429
16061,0.15420482717237927
16064,0.15476007260115957
16065,0.040528473669679814
16076,0.22375399476592361
16078,0.22803591390686642
16085,0.1343401293388787
16087,0.060273317497414214
16088,0.18240213488632503
16091,0.1262643816052628
16092,0.13551334894756967
16093,0.14591242836036594
16095,0.15359108765119153
16101,0.11712259234463261
16102,0.17072449562372147
16110,0.16207405854514878
16111,0.1379502931989349
16113,0.15275658567042036
16118,0.1551717836814086
16121,0.03908823751350672
16123,0.20860873175724204
16127,0.1350615453822328
16129,0.03271949813659368
16130,0.1305593092937888
16133,0.1290879020477342
16135,0.1367556084031277
16136,0.1187347351673452
16137,0.1668156748155668
16138,0.06041638521638235
16140,0.16151791118331585
16141,0.15438733672453378
16142,0.12816928618100362
16145,0.15775872163581586
16147,0.16484467739458192
16148,0.1880624631352816
16149,0.15691412858185116
16163,0.22665776077609098
16166,0.05205038469637584
16169,0.11602625669398164
16172,0.1394066936108133
16173,0.16363514074852437
16176,0.13666401622542154
16177,0.1568355046054764
16179,0.14947945613258265
16181,0.03325737573916153
16182,0.26572067043717656
16197,0.16262239489166883
16198,0.12848745013451704
16199,0.12479731344216619
16203,0.09055902371245932
16204,0.07896148797856105
16218,0.08976205383105423
16219,0.1788168645817722
16226,0.1548045260112086
16227,0.1131413252681345
16228,0.1452082088494315
16229,0.15338044603772422
16230,0.14289798254029304
16235,0.12115755186300015
16237,0.05560865813484692
16240,0.12170479888908614
16242,0.12811706828902839
16246,0.1612073599549978
16247,0.15084545901336494
16248,0.14245131951625897
16254,0.3832343340459856
16256,0.15842989317468104
16258,0.1219465950411797
16260,0.050986861705429605
16266,0.1437327376093298
16270,0.1373539022645445
16271,0.14064874001981867
16272,0.14000263250802894
16274,0.12410713315052818
16275,0.1604953794670629
16276,0.05368959976633116
16277,0.14251374462632152
16278,0.038974030904026145
16279,0.13832569551004292
16280,0.15990195894214732
16284,0.11889362013775139
16286,0.10241737302435024
16288,0.17819807827207887
16293,0.12590441003732517
16299,0.23808728382719246
16300,0.14277915941457017
16307,0.11957172479281246
16314,0.14206551827404146
16315,0.1288087076061476
16319,0.1520258000235412
16320,0.1607523956357675
16321,0.13864649889135194
16325,0.05321436811930432
16329,0.05349693187456909
16333,0.03505692704915016
16335,0.15614699992930708
16336,0.15159721934877773
16342,0.1449167215065754
16343,0.22992953733884988
16346,0.1494230093140917
16347,0.12131444763094662
16348,0.15826144323569816
16350,0.06169044278396806
16352,0.11902700893760168
16354,0.15264525542505988
16356,0.1449561800783655
16357,0.16801534122712852
16358,0.12885798110147603
16362,0.12337315635961281
16364,0.05729270267374287
16367,0.1492406961587177
16371,0.12016877181697502
16374,0.13934845287584524
16376,0.13572148645164375
16377,0.17982746853052653
16378,0.16915681190131024
16381,0.0837013571278148
16384,0.1357910087215085
16386,0.13675250309354126
16388,0.12298805097045667
16391,0.16553743198717838
16394,0.13803350388792837
16397,0.05382476658164945
16398,0.15490062844594213
16400,0.1429217940539135
16404,0.1641031646108796
16409,0.12051043966855378
16411,0.10531224422690905
16418,0.2512554645886282
16420,0.1274103957056483
16421,0.14685944520221245
16425,0.10654128157938679
16426,0.1292993870388245
16429,0.1531271017803833
16430,0.14256633842293373
16431,0.055460346638108976
16437,0.059773851149391787
16438,0.03737932986317523
16439,0.1205316742007287
16440,0.06195313926580799
16441,0.15618929079493735
16451,0.12013084013898787
16461,0.12216264226906692
16464,0.21373624658071466
16466,0.21210380659953085
16467,0.12793923966609408
16468,0.14695907941834166
16469,0.13519964675774923
16470,0.15964083839107276
16483,0.17712635589251602
16488,0.058833285113776244
16490,0.059929894074613056
16496,0.17509924625972104
16502,0.06419184370240343
16511,0.05445993103561954
16512,0.1493478626636888
16513,0.14017990715131629
16514,0.024212299159273563
16515,0.05062177121606028
16517,0.14792187859668568
16520,0.06087739498268221
16525,0.15107234428352978
16529,0.12812231106595529
16532,0.13774634616330528
16536,0.2507537646935352
16540,0.07313676637286495
16542,0.14195019519239643
16548,0.1323176965901636
16549,0.11091093393323864
16551,0.2891673562211351
16552,0.1264318389251945
16557,0.12292889797653694
16558,0.11784808413484217
16559,0.15319373165139083
16561,0.13897908153313704
16562,0.14180057200526766
16564,0.11802524878741431
16566,0.1361046933079823
16572,0.15681629543949419
16573,0.14484905701168885
16574,0.16529626264015573
16575,0.060958102827993625
16579,0.18641242888297463
16582,0.11621821448306983
16584,0.16345142832341944
16586,0.13247832653599065
16588,0.146737848448564
16595,0.14461599881662862
16597,0.12527341586611304
16600,0.13888080111201276
16601,0.12464008285536646
16606,0.33147107837327106
16608,0.03664362093549527
16611,0.14282279999677042
16613,0.16911223212511603
16619,0.14900715384422353
16622,0.1462658970776027
16624,0.13670200126661017
16626,0.15112138656892524
16628,0.12256837179900669
16630,0.12931900669604332
16631,0.06888880446918412
16634,0.1258364497792033
16638,0.15344193059770983
16643,0.09028558450109585
16645,0.19091890913300577
16649,0.14609012597689594
16651,0.15494138483699282
16652,0.13876586538071276
16653,0.09182954970791903
16669,0.14873306188654792
16672,0.1457106511179231
16677,0.1552893354541102
16679,0.13623577134718862
16680,0.14231393045401974
16681,0.05877791185404177
16684,0.03896812486560694
16685,0.12684896248432087
16686,0.17279750750924275
16689,0.11388023017114624
16690,0.03521595791933804
16692,0.12086902714241882
16693,0.055032592557730874
16696,0.0635994055929379
16703,0.19839791371644186
16704,0.03611558544008565
16707,0.11732031079034302
16711,0.12587897051400843
16713,0.12091847141494379
16714,0.39031431051551024
16716,0.12090809876159511
16717,0.15085413274687812
16718,0.13559761814841972
16720,0.05003804601040394
16723,0.12777233862437376
16724,0.22611757237385674
16728,0.2668713544547527
16730,0.1313009008303211
16743,0.10491816696366069
16744,0.04130047589996762
16748,0.13543625344475171
16750,0.1467574032557769
16752,0.1420991815456654
16753,0.1256696635508815
16755,0.16012886162777967
16756,0.053851732802280686
16760,0.13940199055071473
16764,0.056244322537054456
16771,0.13358659566236372
16772,0.18001475584076854
16776,0.13808039130787808
16777,0.06846216047856533
16780,0.1466168354408685
16781,0.14624779786226683
16788,0.1379341972566831
16792,0.12476571783326759
16794,0.1677962939942408
16795,0.05385557698941676
16796,0.0466306168332206
16798,0.12907882471769588
16801,0.1465032713534664
16802,0.12177712792196939
16803,0.15699810967608055
16815,0.1257200807708899
16816,0.1020252633845871
16818,0.16915327837031519
16819,0.17264386378339952
16824,0.1218711912696526
16829,0.1328916892250854
16833,0.13818755023053175
16834,0.12582248182390224
16846,0.14205102229641758
16847,0.1522671657080066
16848,0.13603566466338232
16852,0.12390117127010214
16853,0.14624111058743616
16857,0.12641159868662805
16858,0.15999369837190616
16861,0.13639878836047983
16862,0.16161074521936583
16867,0.12163048232420601
16869,0.14184657309610385
16870,0.138665215913786
16872,0.14713640639621645
16877,0.10806204475530526
16883,0.1198994142538788
16890,0.07537301292433228
16893,0.13316576453143988
16894,0.06322082254784106
16897,0.12587281179943435
16901,0.12105289963478086
16902,0.08153154686639677
16906,0.041596541197868826
16910,0.04422591546443196
16911,0.2644085198511464
16921,0.11622340194501969
16926,0.16430453209426438
16928,0.15741681758112588
16932,0.17391645241049336
16933,0.13281466207178616
16935,0.14398290185988288
16943,0.14710188285273293
16947,0.03716128219998533
16948,0.14231764070580974
16949,0.0535274250068491
16953,0.1533881259052281
16954,0.12969559948412454
16956,0.1371944747626223
16958,0.03895540725154786
16962,0.13616451762302673
16969,0.05811530822944928
16970,0.03886036277210837
16979,0.1358118621700451
16981,0.13808156182320921
16983,0.14699925979122416
16984,0.11187846664060554
16985,0.12027457179402602
16987,0.153481501686278
16989,0.25166583825513256
16990,0.15066080204038607
16992,0.14563680664746612
16995,0.12312611442797891
16997,0.2990331067841568
17000,0.16712548484448173
17002,0.14688282094721605
17003,0.14363086186996138
17006,0.22937533290632908
17007,0.15954536612039813
17008,0.04843273052814899
17014,0.12164043916298908
17015,0.15080012349610908
17018,0.16313308517187966
17020,0.08145746316196562
17024,0.2415089718059616
17026,0.2197844636487055
17028,0.1418263021263543
17035,0.1337368949819749
17038,0.1358714896105311
17041,0.2523755814283932
17046,0.17169392208663814
17052,0.04219480393601569
17053,0.09988908678077446
17056,0.09648141541414104
17063,0.1435440432035386
17068,0.12560501163337542
17073,0.058294311362535794
17077,0.1481468664341614
17078,0.12004203430672854
17081,0.14667483863318484
17083,0.13038397867667895
17085,0.12453756465411375
17086,0.14459101758178602
17087,0.13213203716676009
17088,0.1383823210418678
17090,0.14423762846551003
17093,0.05529933294334967
17094,0.05993788660682503
17095,0.11870910134983764
17096,0.06521858177794086
17099,0.15522676903042404
17101,0.15057653065370838
17102,0.14684569361963978
17104,0.1305053979913987
17105,0.13845269458907092
17115,0.1251879085044316
17116,0.14785219169919783
17122,0.061494643449593815
17123,0.05912609097300575
17127,0.1415843323737656
17128,0.1481979182679102
17131,0.15718403022174776
17136,0.12971547550745036
17140,0.05944700556487645
17141,0.1423649171362655
17146,0.10168094569294926
17147,0.05612820962506189
17149,0.16673208195957745
17155,0.14636483717044196
17158,0.19196936629870617
17159,0.1204090552307191
17163,0.13271047319807003
17164,0.13318441757749228
17165,0.14127598361324903
17169,0.20009946728847408
17170,0.1166145506133075
17171,0.160881308211406
17172,0.10701011787251956
17175,0.3482310531055156
17177,0.13224625668835382
17181,0.11178476981884852
17183,0.051053475325805515
17188,0.11417188361517118
17189,0.13484926253090995
17191,0.11088530830491715
17192,0.1256847971379208
17194,0.12842300029629722
17210,0.11521158868801999
17212,0.16488194677177342
17219,0.24745845027253052
17220,0.1389445804729923
17225,0.1383760266917027
17227,0.14766378658082416
17228,0.05191412623977889
17229,0.055369453503678945
17231,0.15470900501315815
17232,0.15220698276022634
17233,0.04891971937655364
17237,0.12410127769296735
17240,0.1506435550819771
17241,0.1281447632777428
17243,0.11728152525637209
17246,0.19194276900403381
17247,0.1022015482066366
17251,0.2578441088389466
17253,0.1127944612123811
17254,0.0569401171004807
17256,0.05277652013190411
17257,0.13355317312429502
17262,0.11119000137897339
17267,0.07675925548703613
17268,0.12503609872194218
17269,0.12738278059009492
17270,0.14862357339964732
17275,0.17792353797563076
17276,0.17390761073533795
17277,0.25198400133772947
17279,0.140603964133248
17283,0.06293920877118563
17287,0.1414874405552345
17288,0.06399314702035137
17294,0.128259108965293
17295,0.03386666586951914
17298,0.13853621923985476
17300,0.04235982676639052
17302,0.16474054422535733
17303,0.1280748879542072
17305,0.14813201915873192
17307,0.17350989883132692
17310,0.12450325708859811
17312,0.06039126302067208
17316,0.13238935325356344
17317,0.12206458742606031
17318,0.050676463109228076
17320,0.04559639772255365
17323,0.13023515670567062
17324,0.12085062591729649
17328,0.223409682435366
17332,0.141532885628126
17333,0.1181224641387889
17335,0.045618030088664795
17338,0.13313016937205518
17340,0.14622806856591386
17344,0.1607244753086061
17345,0.16957710293529596
17349,0.14869110351320455
17351,0.1296346504560081
17352,0.1287189189747977
17354,0.06568336632811864
17356,0.20872331101706862
17357,0.1538586631836582
17361,0.0589496460719166
17362,0.1693185791205953
17363,0.15364906909787127
17366,0.15680343519676243
17367,0.12325929923085628
17369,0.06256288514405252
17371,0.16196279982423986
17373,0.15359188348111963
17378,0.1559584568889293
17380,0.15251097241053302
17382,0.16011008337097507
17383,0.13432843018048093
17387,0.13550549347480792
17389,0.13335516661260607
17391,0.08404989226145201
17398,0.14469838071883304
17402,0.13146760342797809
17405,0.22850010834432335
17407,0.05451086346029574
17409,0.12395687037064054
17411,0.14725840533223822
17412,0.05114746856173416
17413,0.12291233317428316
17415,0.13407059307034105
17420,0.1230440239414251
17421,0.1313626220438223
17422,0.14388967415376924
17428,0.1393543148723188
17430,0.11023697084457589
17433,0.12794443212390771
17435,0.145455327415099
17438,0.1143351238810503
17440,0.05321795279805814
17442,0.1302344068129146
17444,0.14388715239122069
17448,0.14886643253546383
17449,0.19979482949057306
17462,0.15367832667161715
17464,0.1403267535678287
17466,0.06497050821684326
17468,0.16243028060054426
17469,0.12327119576579677
17472,0.1049707640083217
17473,0.13991399546711147
17475,0.14231171279144977
17479,0.051301643959547866
17481,0.1177355004342995
17482,0.14416480152431885
17485,0.04542635577266951
17486,0.23066739968208452
17488,0.15658180789135376
17489,0.03544135941889206
17490,0.11420157382974609
17491,0.064432876157419
17492,0.13720854178653522
17494,0.07681477703162282
17497,0.21277279347320843
17500,0.13980750804371755
17506,0.14982826190740411
17507,0.1447314710182389
17508,0.24841545379940827
17510,0.11261311296990059
17512,0.21352054973496443
17513,0.1455657583877265
17515,0.15708729653928008
17520,0.1651726745204807
17521,0.1291835559699678
17522,0.15815980901262247
17523,0.1287516946961963
17524,0.11524897157411149
17530,0.21761187203217153
17535,0.13499788925316458
17536,0.14162260203382332
17545,0.15285921835980099
17548,0.1628365806031431
17549,0.13246898064560447
17553,0.15512357842979957
17555,0.16796380252290263
17557,0.13835249580346423
17558,0.12467828491331948
17559,0.1501773802166843
17562,0.17343631134580073
17564,0.032026847188065914
17565,0.20978884158514707
17566,0.16405322670818592
17567,0.1513161136164867
17568,0.05380867041687481
17569,0.13452191585879156
17572,0.11662844855663888
17573,0.1649732360652584
17575,0.11865258237709744
17577,0.14638040908142855
17578,0.1408849101323595
17580,0.11576409716431242
17581,0.150836986645302
17585,0.13109364867031395
17586,0.16484847770018124
17591,0.13434522030907273
17594,0.16579721272909775
17596,0.11488742434685191
17599,0.22187934198491652
17602,0.14318782524631957
17603,0.17045201430597343
17606,0.0530450385697785
17614,0.16746966218425358
17621,0.15624095965056436
17624,0.1740414471706504
17626,0.25162755980397844
17628,0.04375725754790798
17629,0.1312625990544249
17630,0.16697787271362124
17631,0.14543741368369228
17633,0.09389477033348467
17636,0.16887468327677788
17641,0.1323509641589753
17642,0.2520811680253454
17645,0.1717013254761446
17646,0.18122466812178614
17650,0.12962086733843153
17655,0.12707897739234966
17659,0.1184428710807539
17660,0.11385196751091461
17662,0.13703805393504812
17664,0.0888611936621502
17671,0.033979724416036104
17673,0.14411476762424455
17676,0.1580348167390218
17679,0.1587497086751654
17685,0.16775546619193285
17705,0.17548373795569422
17708,0.13233856315973833
17711,0.15701718498106798
17714,0.17770639311466632
17715,0.05663533663024126
17721,0.1364247273400929
17724,0.25081811020717903
17726,0.14722144182684593
17728,0.13820202667358272
17730,0.11326943588847083
17732,0.12663949864280594
17735,0.26894099168541863
17737,0.1186473396967474
17738,0.16298615683262735
17739,0.1511813184785756
17747,0.14383431534554725
17749,0.11843425199487335
17752,0.1402689203363077
17753,0.16633382701301413
17756,0.130526685977177
17758,0.0850844227555844
17760,0.14152915868697685
17762,0.13696817134612174
17763,0.22211289371431386
17769,0.0619397894971211
17775,0.1415223150765296
17776,0.055421969722962476
17781,0.16848770560252457
17782,0.12604583247992765
17783,0.053215337889162086
17784,0.1734340906389464
17785,0.13198776118880098
17798,0.10928940215291846
17799,0.14933776094779933
17800,0.2830398438456943
17803,0.12998235735612113
17804,0.04885053048942597
17805,0.09517044873864082
17808,0.130948310665524
17817,0.1277084093578429
17823,0.29299579394062364
17824,0.13632127645288583
17825,0.13757430390212172
17827,0.06411562203110781
17828,0.14624614072012956
17831,0.12801419459201566
17834,0.12518399398595031
17835,0.2655379829919747
17837,0.13029429866793346
17838,0.1735138682158648
17839,0.1268177749312416
17843,0.17952044768195868
17846,0.3457235851987126
17847,0.15616367220550811
17848,0.14989990872616257
17853,0.07481954354673898
17856,0.1373426310057651
17859,0.12172481662664303
17863,0.0680202572653341
17868,0.060728669205737315
17869,0.12738117650419786
17870,0.18975335304072485
17875,0.05451528359359822
17876,0.14749509938477906
17877,0.14224697884680487
17879,0.16687590425511933
17884,0.14369616698032772
17885,0.06924496147433992
17886,0.03882140658047241
17890,0.15088046260409618
17897,0.08676075240704541
17900,0.07767997188654463
17902,0.13759741969287395
17903,0.13883156215089654
17908,0.15454623435429657
17914,0.15301947637386804
17915,0.13780275261619032
17916,0.05673825790407361
17920,0.14444269924086794
17921,0.1849340092305926
17924,0.15054947842833352
17925,0.09626002929954366
17926,0.0868627270957618
17928,0.20177921178946004
17930,0.1271676979502959
17932,0.10918353947069834
17933,0.1569068942071384
17939,0.15655996846457157
17941,0.23453779194950866
17943,0.22225202379475884
17947,0.05445287056726152
17948,0.12976259379847288
17950,0.13897735839397074
17956,0.131345883255867
17959,0.1314931769427262
17970,0.1587847281632984
17973,0.13425407732483619
17974,0.14842657508943172
17975,0.11981185820386471
17976,0.14849984482905737
17980,0.09489298126823645
17986,0.1628063776200513
17987,0.060037424845755354
17990,0.2141173048943566
17994,0.12802108666337453
17999,0.1316408695004646
18002,0.057804186803188516
18003,0.053619249246103215
18005,0.1788821301605501
18007,0.19342831157662632
18013,0.10020199505363779
18015,0.05408738560719892
18016,0.1279372179918545
18018,0.12728893147232448
18019,0.13673356589193875
18026,0.14631934104518035
18030,0.15026375321807037
18032,0.17064052189318057
18035,0.12719920937419668
18039,0.14867584965281644
18042,0.12875386883802956
18044,0.14801136399287165
18045,0.12112185655968527
18046,0.14806065853297362
18052,0.1264225011280652
18054,0.06283037853349333
18055,0.15487879888267922
18059,0.11587294013242788
18066,0.13686020641472013
18072,0.16273915620120985
18073,0.03327384930725623
18077,0.164352895990886
18081,0.05395554750032805
18083,0.11549386748640227
18084,0.1485520030168226
18085,0.12537425829335305
18086,0.12753478718682154
18087,0.1544388198230058
18092,0.1462490914268669
18093,0.1042252887376158
18095,0.0652119764152856
18097,0.12567809196747218
18100,0.15064976049993203
18101,0.09332939388018477
18103,0.168583477484561
18104,0.1562663119721575
18105,0.12776366222241245
18109,0.10475332895138499
18110,0.17489851192309538
18113,0.1846651229847945
18117,0.065400738098525
18119,0.13001389472073813
18126,0.21143426364994658
18127,0.05476177648404756
18128,0.044907451510360775
18129,0.150742225705369
18130,0.11210932457677353
18137,0.36072840944438495
18142,0.14427323113138513
18144,0.04833817127378876
18145,0.11280685751347834
18146,0.14600758162336072
18149,0.19082479131186536
18152,0.05612598939591676
18153,0.20171494070756457
18154,0.14639096979244356
18155,0.14284301422909967
18156,0.17849345423015422
18161,0.1548150603244502
18163,0.06256084227608046
18165,0.05558125573835529
18166,0.13345277422561239
18168,0.15073761314276943
18172,0.048843407708045995
18174,0.17209766224806491
18176,0.06517853390368557
18177,0.07536885929733432
18179,0.15244460239784585
18181,0.16547759215279859
18182,0.054213339831444884
18183,0.1485845011608521
18187,0.12997181349901687
18188,0.22068688835265576
18189,0.1561846350085174
18194,0.14046140335557616
18196,0.15058891212767903
18197,0.1585514516307213
18198,0.08656894897462514
18199,0.1534596990073081
18201,0.1496988161372653
18205,0.13829485193020236
18206,0.13867825844237675
18207,0.1584176808161389
18210,0.12357005191403253
18212,0.13172644535766123
18214,0.1211837941962381
18215,0.1193158141277548
18216,0.14101757308642088
18220,0.07110403074450977
18221,0.22956717997905396
18222,0.05407457815131805
18223,0.19396924229762538
18227,0.15250126982912013
18228,0.17242506668642285
18229,0.05826183541765217
18232,0.17098492688628636
18234,0.14423149812548128
18239,0.13069935085408174
18243,0.14861938895296248
18244,0.060035106205172876
18245,0.16479297897361325
18246,0.09005563712014314
18248,0.13992885531076182
18250,0.23392409348185916
18253,0.2549236270924288
18254,0.13728225643535635
18256,0.13954193397166176
18257,0.1391636292489456
18263,0.06538295864204835
18264,0.03339263385969395
18266,0.14348396483285591
18267,0.035255583963263004
18268,0.11615466574899365
18269,0.157531754911483
18270,0.14635756871432262
18271,0.24257936446598571
18272,0.11892825692664423
18276,0.16361024343254832
18277,0.05934747724704447
18280,0.12787485227610879
18282,0.05821824833589653
18285,0.1452338549003726
18288,0.32596945293963514
18295,0.06044822838531636
18298,0.10480830722405618
18300,0.12150516802790831
18301,0.1278126736905648
18302,0.11868372591704637
18304,0.060217619307394596
18305,0.13620580234388202
18306,0.2194687683553406
18307,0.05767711237645071
18308,0.06401193469746903
18309,0.13519006386440488
18311,0.15053244430612825
18313,0.14535343209122226
18314,0.1493667712640063
18318,0.16913065295171736
18320,0.2108842298347549
18321,0.12099310623101489
18330,0.15254033501350042
18334,0.12108441821321884
18336,0.050705642450434844
18337,0.13191469251456575
18338,0.11344774433578836
18339,0.1371706029718069
18341,0.23143336790762262
18347,0.06657527476827042
18354,0.05839583109722639
18355,0.05720729173467355
18356,0.1341378007342003
18358,0.12632725695258837
18360,0.17334631100010678
18361,0.13142992419785493
18363,0.1609001602978529
18364,0.2166893564916007
18367,0.1344286791813695
18380,0.051579078142853604
18383,0.1228973665342673
18384,0.11750707994362858
18385,0.15813352641604092
18387,0.34132919698832487
18390,0.1398993381182825
18391,0.17943655286492458
18392,0.13871835462202753
18395,0.3354064154152679
18396,0.1542879535539149
18397,0.11661498402235736
18399,0.14649147376409252
18400,0.20903319514526253
18403,0.16606176785181542
18404,0.14011169278361596
18406,0.1368187293410931
18407,0.24131288880017268
18413,0.13724119792059855
18415,0.1491192847353219
18417,0.16518564628907229
18420,0.05808917200465234
18422,0.11561333690009298
18425,0.06248211880601792
18426,0.35066563639556636
18427,0.03890618691477092
18428,0.13649884278054078
18429,0.14763728722600222
18430,0.12641600938720296
18431,0.135559627758323
18432,0.15816420934875297
18433,0.38773575727859083
18435,0.13369709751249778
18436,0.10177910894616232
18437,0.052584396736331085
18439,0.11738427854222287
18444,0.13450143473232665
18446,0.13999600990492608
18448,0.15589379947668414
18455,0.10253509245322567
18457,0.14254833794436816
18459,0.162932969578698
18463,0.18060595618402484
18464,0.12931551069055214
18467,0.1316515401809936
18469,0.14811210171257944
18471,0.054492553875145615
18475,0.13021975715010556
18476,0.054777295566079055
18477,0.11376025702857828
18483,0.13032190297878382
18488,0.17184930744881366
18489,0.07594448435682336
18490,0.12720139753714949
18492,0.23610237071722842
18493,0.13125848038520235
18494,0.15263146936357794
18498,0.08357825922264554
18502,0.11480745498500386
18503,0.04239123988816032
18504,0.14140732830249017
18506,0.1312567839601709
18507,0.1551698717574908
18508,0.13880870491419717
18512,0.137670207141223
18515,0.03588318818081
18517,0.16155347328302405
18518,0.13934716967208804
18520,0.14221802253663657
18521,0.11620876909609204
18522,0.14417300472089623
18523,0.13522561380365103
18524,0.07465821238498863
18530,0.13889140682324408
18531,0.14446792993225077
18532,0.060586203749544994
18533,0.14015156716278288
18534,0.15561371169662835
18540,0.13210001612632197
18542,0.12367231349038721
18543,0.13027877242341337
18544,0.14392058455014153
18547,0.1324750484998547
18549,0.032511327222110496
18552,0.1529546427886468
18553,0.17686922929366747
18555,0.13619676937601946
18558,0.16052679149665894
18565,0.05828994404286736
18568,0.25320264423621863
18572,0.12988141143646625
18575,0.1543538810986675
18576,0.15356129011662611
18579,0.13295314841446568
18581,0.1443826766799238
18583,0.08501860652889923
18584,0.03802500013477197
18585,0.058680837600819415
18590,0.058888392383465625
18594,0.1398005772806411
18595,0.1202837275479618
18598,0.12688419889286343
18600,0.18526767546318687
18601,0.33005258359971396
18602,0.11198450653153297
18603,0.22092931579196498
18604,0.035838062429266425
18610,0.13511331674119267
18611,0.14269005641657062
18615,0.15498073361900222
18617,0.1235343769287672
18619,0.16767526440865443
18623,0.059812972688968374
18630,0.1239701246314638
18631,0.15507205501012836
18632,0.057512503909277014
18633,0.13116300607345122
18638,0.1364134538852231
18639,0.11164205287941092
18640,0.12757275633209542
18641,0.058337905839843746
18645,0.17593822014954136
18648,0.08461981217080498
18649,0.13716917412015084
18651,0.1193412357323783
18653,0.09192428374842031
18656,0.1512301931698355
18657,0.1253508478134558
18658,0.14204713561938306
18659,0.13720592934324755
18661,0.1474973220430632
18663,0.2568696220735246
18668,0.15562281431720043
18669,0.12494683268188686
18671,0.12579962907449546
18672,0.09109830471011911
18673,0.14176066405918164
18679,0.12576870532955248
18689,0.1421359426684498
18690,0.15629908330626677
18692,0.15006838386120322
18694,0.13807350035046143
18695,0.18289475870003372
18698,0.15411540437155832
18699,0.13342977054005384
18704,0.15514992102346908
18706,0.3403613409106651
18709,0.1604367480204939
18712,0.16058489298232656
18713,0.16334275452291225
18717,0.15000465034193283
18719,0.3890239276873544
18724,0.11893678169236298
18725,0.06222277182607193
18728,0.15287232425407715
18729,0.1284004140837638
18732,0.03910521498579623
18733,0.13236497633823074
18734,0.06775761276455934
18735,0.14949831799249141
18736,0.14883363649396744
18739,0.11946265660687302
18740,0.145602165722682
18742,0.15405010705868133
18743,0.25889917657669675
18749,0.04937186569328502
18750,0.1492331222931744
18751,0.12135286013405182
18755,0.12756415620508937
18756,0.039245690406019024
18759,0.1471140639717115
18760,0.06559108128346884
18762,0.15715090669166787
18765,0.14372925895026822
18766,0.14257531309581767
18769,0.11682937247633501
18772,0.13712980529452737
18773,0.05109813170996563
18774,0.14011614004999776
18778,0.1453971906127772
18780,0.07688024803983963
18782,0.1362505775274956
18784,0.139003057383286
18785,0.1544532621767227
18786,0.1408952200907241
18801,0.08187461710841683
18804,0.1414267141724182
18807,0.14538120817097508
18810,0.21508736377578475
18811,0.12391654561382606
18815,0.1266247663558888
18816,0.15664786724833044
18818,0.1461458242904825
18819,0.16243214298124095
18820,0.1660086761495345
18821,0.22076944143279356
18822,0.18395913581472711
18825,0.1440627313038377
18827,0.2256808319300037
18831,0.1370568062619366
18832,0.13896953965087327
18834,0.21332481015283186
18836,0.10781048276846156
18837,0.12359193677964019
18840,0.0701620294487299
18842,0.09593779305901463
18847,0.12962146180015383
18849,0.12926694504046907
18852,0.12185323416644353
18854,0.15643270498580064
18855,0.12194319839375917
18857,0.12534378863129783
18859,0.1577548039409647
18860,0.16190119388480623
18861,0.15520470585135424
18862,0.053295071382584
18864,0.12823497609749526
18868,0.12496438328829212
18870,0.1409943592133423
18871,0.051944839135049076
18874,0.13695585963143966
18880,0.1764932484346948
18882,0.12566777973493168
18884,0.13624022251783907
18889,0.16427454500449604
18892,0.16165067184312706
18894,0.2371428922953522
18895,0.15736385891733567
18897,0.18805802109217457
18898,0.05284400381648868
18900,0.21033745228748
18902,0.150993685646435
18907,0.1586413910978742
18909,0.18689219721498476
18910,0.3367407842702246
18914,0.13958544667755024
18917,0.1273804770933547
18918,0.12231378528832187
18921,0.25125969502828804
18924,0.14032805731467238
18925,0.12071442429701913
18927,0.13640496277260464
18928,0.058934000087492895
18929,0.11942143800980719
18930,0.13523917439703756
18932,0.14096172838709844
18935,0.046202285778162266
18938,0.061201901613008876
18940,0.11805018568735928
18941,0.14313306832184405
18942,0.1608118859760188
18944,0.06007291603951905
18946,0.15184692352183202
18949,0.12260791409507346
18954,0.06172575354344038
18956,0.15458734702045834
18957,0.06579305377228034
18959,0.16450344780162252
18960,0.09919744770694114
18962,0.15014781117572354
18963,0.1669100828001863
18964,0.24266671984862623
18965,0.13969741061044874
18967,0.12280385280853387
18969,0.14427095987492855
18971,0.2153778618012631
18973,0.13672384455566286
18977,0.12735012771211288
18978,0.15792257332181572
18981,0.1599707236230992
18982,0.07184138854109397
18983,0.13351786684830835
18984,0.12639063740418124
18985,0.1356347477111401
18986,0.16067117103015413
18987,0.12739901765765035
18988,0.10733587069276282
18991,0.0679995122568411
18992,0.13114371214554893
18993,0.14199011694812658
18994,0.2556838844021728
18995,0.13769090063662395
18997,0.13876929791667134
18999,0.13180152663690747
19002,0.11915261977728071
19004,0.12047719994438541
19005,0.10810207556519381
19007,0.11386655841030466
19010,0.1523276816536197
19012,0.13381519780357717
19014,0.11865309142767966
19016,0.14618860624359645
19017,0.17879669572734683
19018,0.12647405787564467
19019,0.13489162456868206
19022,0.1924264872266679
19023,0.2731532608894176
19024,0.2243907349124932
19028,0.1339541982849072
19029,0.05239615521724288
19030,0.06680000811684111
19031,0.1745200306300128
19034,0.1426065851188943
19035,0.05108373214258636
19036,0.15965705711690087
19037,0.14298904999794215
19038,0.15566493496119388
19040,0.04079773249876774
19042,0.22015641738479091
19043,0.12248239212951516
19044,0.11217265464493717
19047,0.20439584683916276
19048,0.17541330062246435
19049,0.1433408657719523
19051,0.15364797364914912
19053,0.13119847238947963
19054,0.2553296548160738
19056,0.11531137618376093
19057,0.15789614394469514
19058,0.13744272518541656
19059,0.10981669809028002
19060,0.13814543984518435
19062,0.1567347403470644
19064,0.1550075108833633
19071,0.2617716068394993
19078,0.12866531910962764
19079,0.14414008848647353
19080,0.10354186402278483
19081,0.06929986532279708
19085,0.1496190128625966
19088,0.15357139341771572
19089,0.1664364746287528
19090,0.15118949239640717
19091,0.2470631532067355
19092,0.11566564752812543
19094,0.13391448952642196
19099,0.17231512093420492
19100,0.13760223053446832
19101,0.06873729287535627
19103,0.14176878851248606
19104,0.16483073818473934
19106,0.13172486824985322
19107,0.23722421972010266
19108,0.1556232131199697
19109,0.033611330821325565
19111,0.13866724782400733
19112,0.15926581071167528
19113,0.1369447910540312
19114,0.14375487960969002
19116,0.168307630325584
19117,0.16401750159709863
19121,0.1346188645108097
19125,0.2218796155057773
19127,0.1758368471359739
19128,0.1376824152939728
19136,0.12767450360390836
19137,0.12198097252483331
19142,0.1541309540569574
19143,0.11899219036460412
19144,0.13677975144325671
19146,0.14443567250587333
19147,0.11614834143614731
19152,0.07441625766375361
19154,0.05084891028323031
19157,0.15559442277277272
19160,0.13375049387261323
19161,0.06136438716445994
19162,0.2153515168381569
19165,0.05590648377889033
19167,0.05435020861870757
19168,0.16021996467718966
19171,0.06503793187059284
19172,0.033640805983574024
19173,0.14496889207050276
19174,0.1437458454076116
19176,0.13202182894025383
19177,0.16484232398231471
19178,0.048278632024544396
19179,0.20831128399177087
19180,0.19797796883805488
19182,0.1535830402956085
19184,0.14789289018920387
19185,0.03970509950370799
19187,0.07270945175284785
19189,0.22835411319977636
19191,0.10555615459697812
19193,0.140515113724214
19194,0.1606573818261057
19197,0.1852509394949923
19198,0.13292230544843017
19200,0.15792663195359466
19202,0.03480897443932766
19204,0.11085363814691084
19205,0.12589442566656323
19206,0.11898957751094902
19212,0.0615192256503494
19213,0.13155012397196983
19214,0.37321026105525834
19222,0.157426344083357
19223,0.1570708216609705
19225,0.22303527666798972
19228,0.1518869316707958
19230,0.35372367811543903
19236,0.14523286577352165
19240,0.16071706001330816
19241,0.14749502863552752
19242,0.1362308552166308
19243,0.2978441380874597
19244,0.13037261042016476
19248,0.1379998709834558
19249,0.15656120078998506
19250,0.13787903982926414
19251,0.16999075668084487
19254,0.1458766140133591
19255,0.14337399636215756
19258,0.15453818319013138
19259,0.13824849765388447
19260,0.25094376956951114
19261,0.11791314976079662
19262,0.06784740642031159
19264,0.13270586274411963
19265,0.1886328737840062
19266,0.1541974045723453
19270,0.1315232664318665
19271,0.1324308458213682
19274,0.14707244518510582
19275,0.1443482419099151
19276,0.0836216725904977
19278,0.05367046092286485
19280,0.12778307125165148
19282,0.14784384497188183
19287,0.17714413334267667
19288,0.13426598003168225
19290,0.15364792004611066
19293,0.15678491716011736
19295,0.1962485397030536
19298,0.18299420478113027
19299,0.20037169474203448
19300,0.05935349521177495
19301,0.12776554304486476
19304,0.1383726633640323
19305,0.15643742441859126
19306,0.11883407534009298
19309,0.16091638363486965
19310,0.12959793976506234
19311,0.2233321416600758
19313,0.1762688260914926
19317,0.14903926465549486
19320,0.16401779922861018
19322,0.04814524718697285
19324,0.1625257887715931
19325,0.1497347125523567
19326,0.10069158675039362
19328,0.14042426206436442
19330,0.13932360819866088
19331,0.4142173191922337
19332,0.14551292181631442
19334,0.1444039066097925
19337,0.13971828814098572
19338,0.14434528474297506
19340,0.13116496152505705
19341,0.13984172448520216
19342,0.1407216053071621
19343,0.15276539356869312
19347,0.33466993150047114
19348,0.16591729538057418
19349,0.22754519729229936
19354,0.1523205581283096
19356,0.1411111413476749
19357,0.13354642097649452
19358,0.20612652846502139
19361,0.12130270784144453
19362,0.13720426246670647
19365,0.13973552529192743
19366,0.12306016628229238
19367,0.1640720672242203
19369,0.137456134926909
19372,0.1459040785605631
19376,0.054029279913194714
19377,0.14193728554953142
19382,0.05989678102172905
19383,0.2240437051052928
19384,0.16760136734399847
19385,0.13661790812382335
19386,0.16891438306542544
19388,0.14171524877296035
19392,0.13913599578709104
19393,0.15639683498415163
19394,0.11761775897888643
19395,0.21735238778624794
19396,0.1439719486656821
19397,0.11741565261930129
19399,0.1580609859060396
19400,0.16309336473561584
19402,0.14717861049375158
19403,0.14838564883434685
19404,0.12094873368456661
19405,0.1301648147428498
19406,0.1347514536195605
19408,0.10864285971073179
19412,0.1764160567397927
19414,0.1417873240919247
19419,0.22724510655906588
19421,0.1590758934629252
19424,0.12239199688029033
19429,0.3733119083577665
19431,0.14812087669160592
19432,0.14844931442455386
19434,0.061343574531773915
19435,0.1342542771605997
19436,0.1363208249934303
19438,0.12079552115193337
19439,0.2527274170610535
19441,0.060271327925911757
19442,0.058129099653959515
19443,0.13884920165053666
19447,0.10102361366369124
19448,0.12266827612144181
19449,0.12792817994615413
19450,0.15198382141311215
19452,0.13857691794997945
19455,0.25404553004087493
19458,0.13361644159858313
19459,0.1562578143889044
19460,0.1514926657393805
19461,0.036642995101403106
19462,0.1175040410951109
19463,0.13147800835948442
19468,0.15954973486478896
19469,0.05246162368959309
19470,0.35028673165923085
19471,0.22052397391129194
19472,0.13027198689854066
19474,0.12901016540797658
19475,0.12858589076016183
19477,0.1342654407237012
19478,0.13216945852902262
19479,0.25891574886220925
19482,0.14077799188439052
19484,0.256944037854106
19487,0.1361264383942243
19492,0.13248202401045386
19495,0.13081446113224837
19502,0.13812010676617476
19505,0.11013764263149806
19506,0.1148162526259767
19507,0.12031444992340506
19510,0.12430774808986887
19511,0.3718139343701109
19512,0.0378351253725581
19515,0.14222331175908087
19520,0.1532198493618816
19521,0.14563422159219663
19526,0.16613661657773596
19527,0.13882279374610593
19531,0.2509848681620371
19532,0.12738687499790038
19534,0.1502693548067899
19538,0.16117145801620253
19539,0.051057984204227996
19542,0.10075668308383132
19543,0.12213191430523107
19545,0.14537204668698583
19546,0.15295728475508474
19548,0.16660038014952847
19550,0.16735591827516144
19552,0.13169542301165182
19553,0.02310994027630532
19554,0.12093052492442105
19555,0.13866196116593993
19556,0.15117995813875373
19557,0.14285833899783693
19561,0.15274262391059434
19563,0.15590303704033365
19570,0.12502779394828173
19572,0.1362435696349522
19574,0.2331474240082011
19578,0.1273721687071777
19579,0.13834120492334992
19582,0.17772590664236707
19586,0.034672250901565685
19587,0.08419205209343157
19589,0.10838079093608227
19590,0.05859928227081556
19592,0.1330548639993921
19594,0.07216431048988947
19596,0.2183973815802266
19599,0.12264371611240033
19600,0.11301143464328126
19603,0.1216781757352291
19604,0.12776978401856048
19605,0.16518880737301808
19607,0.10218812372084417
19616,0.06088727971799541
19618,0.07143785082824367
19619,0.05587828345144539
19620,0.12965453996306864
19623,0.12481041345586714
19624,0.17444317553560187
19625,0.15165162025787265
19626,0.16765527754594445
19628,0.1436498736151121
19629,0.16358004795305922
19631,0.11810070004719933
19633,0.13743394600530798
19634,0.13536201804911255
19635,0.24918552520286943
19636,0.1613000183749267
19637,0.1269006000035265
19639,0.15440787111684703
19643,0.15246676305954784
19644,0.15703293782090827
19645,0.18065150140008196
19647,0.15896481021173917
19649,0.1600824492354665
19650,0.15189742013015053
19652,0.1567880276342026
19653,0.16531683078876233
19656,0.12901263799927168
19660,0.15927661080175778
19663,0.15478804373615768
19664,0.1699600178865111
19666,0.16230617588526886
19668,0.13379747330410943
19671,0.14176368144354337
19672,0.14250860519215774
19674,0.20259780701778732
19675,0.13851236068106162
19676,0.15731973593577236
19678,0.15679737403869465
19679,0.14224401415357685
19680,0.1707597831311977
19681,0.13982456200166926
19682,0.13380061211982547
19683,0.14569111236815976
19684,0.11445372000325904
19686,0.13299776963346083
19687,0.15115353070941867
19691,0.13561141280909358
19692,0.13245995379296427
19698,0.22064225344034277
19699,0.1361819745935425
19700,0.13025103181280348
19702,0.1333837118815716
19706,0.1481580149322529
19707,0.3475899470342496
19708,0.13138276718780914
19709,0.15853965099862483
19710,0.11878965317618381
19711,0.15321859687415598
19713,0.08895144299840813
19714,0.14111355694682914
19716,0.16456407416862104
19718,0.11798435765299041
19719,0.15668833800988796
19720,0.1090830155349348
19724,0.058437417488654254
19726,0.23413461013237288
19727,0.14163480233801642
19728,0.053873454829539896
19729,0.15510309432991312
19731,0.22159485622225258
19733,0.15353552759439967
19735,0.1270947051704834
19736,0.15042241805458753
19743,0.13662842955098722
19744,0.1418686728209153
19746,0.12177656360857136
19748,0.1416382855299771
19750,0.1465660949838953
19751,0.21472844566751972
19753,0.12657728788276904
19754,0.1411347691880614
19758,0.10868548215403392
19760,0.1649001511800792
19766,0.05802767575710521
19769,0.04513996358240175
19770,0.15749175863921042
19775,0.1501941749150212
19778,0.10540109448653229
19779,0.04740920145280872
19781,0.1261747344660632
19782,0.370362424033499
19783,0.1261461166720705
19784,0.05206452500958629
19785,0.23660087611351807
19788,0.23284998024952064
19790,0.129026303073925
19791,0.05860192679718381
19792,0.04881383340812249
19793,0.13558279832019762
19795,0.1365617094180822
19797,0.2866748231867312
19802,0.06385367674210302
19803,0.16559734692775446
19805,0.156771083889983
19806,0.15382786760060557
19810,0.17792849098509092
19813,0.04734160423277973
19818,0.10010680783281792
19819,0.1557064004919455
19820,0.15876690290339657
19824,0.20148663923743054
19828,0.11331957509165967
19830,0.13455781434592157
19831,0.25670818210889373
19832,0.03703570150290208
19833,0.17726948192046207
19834,0.15606747408017968
19835,0.13980092844018666
19836,0.1292940505603623
19838,0.1450722401468859
19839,0.1471393523873291
19841,0.15141413856678343
19843,0.1387090602809102
19844,0.1320469847534154
19845,0.14036968590679372
19847,0.2206591204643363
19848,0.1634551744835878
19851,0.20413738547128613
19853,0.15729073593100623
19855,0.13676508205621607
19857,0.15078369364002012
19858,0.138481534586112
19861,0.05197925421067376
19867,0.14838353023725664
19868,0.15390822343207447
19871,0.12334491376406206
19875,0.14504941406032418
19878,0.13658601218343264
19879,0.05664644589486326
19881,0.168439282658647
19882,0.13702267797629433
19883,0.1320563987794096
19884,0.23983586720857794
19887,0.36908679034751624
19889,0.14297219425804109
19890,0.14164000557557618
19893,0.2081179011232331
19894,0.2884903714591881
19896,0.12365203928978831
19898,0.33178629222063444
19900,0.2589980687212255
19901,0.14913345491186134
19904,0.15976574903015295
19906,0.3625833868668205
19914,0.03661848678787963
19916,0.05815739900572117
19920,0.22362655440321072
19921,0.05981402460961066
19922,0.13454164513845376
19924,0.25565589824055096
19925,0.13492492074304346
19926,0.1724820195721868
19935,0.05241162960749926
19937,0.1004457164024197
19938,0.12064186699563136
19941,0.14633555099804677
19943,0.11456662361642612
19946,0.1421797482733722
19949,0.05923041275415297
19953,0.144303239017675
19955,0.14833738330666787
19957,0.16655529707519778
19958,0.1366877820366045
19959,0.19423045362891173
19960,0.15024914355405447
19963,0.12451625581298086
19964,0.35933590721617636
19965,0.16495501560362688
19966,0.15719847398338443
19967,0.12324816260287157
19968,0.1609360514041889
19969,0.04594999509199326
19970,0.046640054127121
19972,0.10847814781858323
19973,0.1343644827137263
19974,0.10191125966705211
19975,0.13683663115248146
19977,0.30190184157848
19983,0.05618415317726496
19984,0.0762608728841689
19986,0.2283409324303853
19987,0.15156491928744562
19988,0.14214616291292362
19989,0.1092456363686586
19993,0.11557751890911579
19995,0.11658540829278781
19996,0.14118936637146798
20001,0.15014416841975659
20003,0.12422759965960793
20004,0.1640387614255307
20011,0.26031391933487513
20016,0.2036911289736353
20019,0.15140833072201343
20020,0.12456846629621356
20024,0.14597731536512984
20025,0.24433385174966832
20027,0.14602968756291038
20030,0.16694057671159088
20031,0.05319764902636326
20032,0.12775501000628306
20034,0.15181042921597002
20035,0.1358448060725988
20037,0.07885592103232368
20039,0.14870336972919948
20040,0.13530483785917805
20041,0.12835119592739733
20042,0.15649728202384922
20043,0.15567095392543667
20045,0.1215880664129159
20047,0.1698338695142213
20048,0.24504312973285716
20049,0.14300571001647305
20051,0.25725260408054373
20053,0.14934440382515274
20055,0.15129872140813086
20057,0.23294110363570683
20058,0.15477410426819152
20061,0.14578640856031191
20065,0.15257976618085028
20066,0.12311687402947842
20067,0.1431709214462551
20068,0.0564788020771389
20070,0.17013754492586894
20072,0.1259452243897992
20073,0.1770243431973209
20075,0.18050510163244335
20077,0.22030072350464194
20078,0.14116179390519434
20079,0.14902612118831252
20083,0.11810976745450069
20084,0.10168784558811539
20085,0.13611964606393412
20086,0.06650759395478192
20088,0.1283713956697215
20089,0.15327170063463072
20090,0.048482629222264144
20091,0.28810148858642315
20094,0.17057743884877877
20096,0.16078623237021938
20098,0.1152688627560928
20100,0.1207388506588791
20102,0.19553739450182098
20103,0.16386085298058237
20104,0.155555171562425
20106,0.12203562589559516
20108,0.4033832729392154
20110,0.12490532857850505
20117,0.1528064063234626
20118,0.340845726034928
20119,0.1433516309008881
20120,0.27763091269853923
20126,0.11084230638178727
20127,0.12087254857843666
20133,0.1345441641441404
20138,0.1292675802274106
20141,0.14302422694522238
20145,0.14990183184472228
20146,0.06355990376984016
20148,0.14770114381723567
20150,0.14984134761675283
20151,0.1380097928173332
20152,0.16113221986855475
20156,0.1254724528922586
20158,0.15227067571705025
20160,0.14822824470227772
20161,0.06050353506437108
20162,0.13644965248079924
20164,0.19231258915775343
20167,0.11183970855528273
20169,0.15412874021486606
20170,0.15554073824895875
20171,0.136794716820998
20172,0.060622937519405444
20174,0.12040959369742282
20175,0.14205009411462224
20178,0.13342368578852243
20181,0.14447292812081358
20184,0.0561744871244391
20187,0.24018155974910818
20189,0.1334792665064539
20190,0.13724130384968125
20191,0.11995715031643422
20192,0.15186968909866966
20193,0.15267630491913767
20197,0.2516189058095066
20198,0.11827084140809793
20199,0.12737605504897015
20201,0.13611378168286364
20202,0.11114195894423598
20203,0.1434465084859188
20204,0.14617654362523042
20205,0.14115006561561563
20208,0.06210619976923152
20210,0.13547908388116808
20211,0.13895130617852838
20212,0.14725122629552445
20213,0.15375099660913913
20214,0.16963945727016286
20217,0.12190093297307047
20218,0.1446888802068142
20220,0.14092415245803772
20221,0.11848389860299297
20225,0.13652328276248035
20226,0.1495107694627742
20229,0.13472506342344204
20234,0.1747841484624348
20238,0.13571239863553688
20241,0.07456967068385612
20242,0.14547568410967995
20243,0.1658778618784124
20245,0.15526706160601864
20248,0.16200189228670914
20250,0.14441695779594005
20251,0.23723048127444074
20252,0.1473729770957651
20255,0.06106666119562035
20256,0.13048249358188935
20259,0.05184140952429736
20260,0.05921325044811827
20261,0.1278859752499137
20262,0.12773025918004335
20263,0.12146757296885054
20265,0.030952624682030656
20266,0.2445195294319745
20269,0.05339980471958283
20270,0.1457213930132105
20274,0.11300546158209064
20276,0.2120450434763943
20277,0.25806991991114786
20278,0.12301905699416425
20282,0.13176259876244295
20285,0.13120669123077178
20286,0.17326778762374884
20287,0.06479221365330304
20288,0.2326004475662895
20291,0.22344891675771392
20292,0.06094307115193142
20293,0.15009844848940176
20296,0.15768232684455952
20300,0.1298867808325032
20302,0.13013219332587808
20303,0.143726054618841
20305,0.17724368455954562
20306,0.1586117741361631
20309,0.12395725241412048
20314,0.23747829491076666
20315,0.13151459219795936
20316,0.13253249532922393
20317,0.1358672688007667
20318,0.1557142865004261
20319,0.12244417875059577
20320,0.16369899691467377
20323,0.154453017531385
20324,0.06092070771738121
20325,0.061802748554037765
20326,0.059485795717132466
20327,0.12723481346427476
20330,0.12668358861888426
20331,0.15121085197836578
20342,0.16936326507525426
20343,0.13182727121326343
20345,0.160557779941026
20347,0.06480145693882236
20348,0.14073667263964995
20352,0.10737319317893446
20354,0.05364501397986468
20355,0.13179091215059682
20356,0.24585210689328038
20357,0.14723615817813895
20359,0.13006200027758977
20361,0.1660658157186914
20363,0.0593774674866517
20365,0.15476612673045903
20367,0.3151687096076784
20370,0.05694609486091052
20372,0.10836590003557062
20373,0.14345098384732063
20375,0.34838957487496436
20376,0.1354585382865394
20379,0.05843842983060464
20380,0.14369703053571334
20383,0.13209313088862396
20384,0.16369469174080167
20385,0.11272003569035502
20386,0.12673985476016297
20387,0.17732522313271679
20389,0.1338712107103669
20391,0.16968937073671592
20392,0.08191429547795807
20395,0.14225870955969747
20396,0.23702989411358397
20398,0.2870829927814601
20401,0.14058659235207746
20403,0.14868832237502938
20404,0.14185280285346236
20406,0.233178975948112
20407,0.14572152704239974
20409,0.1385418631124389
20411,0.1283067552104428
20412,0.1607801089359005
20418,0.1346273780659009
20419,0.13588783812728045
20420,0.051434720477228794
20423,0.13349355994010323
20430,0.16064021873962725
20432,0.12755101092213683
20433,0.36118733697063543
20434,0.2376550241329878
20437,0.12758043847831263
20438,0.16210619920599467
20439,0.12813501148928422
20440,0.13229096964679665
20442,0.13180690694238636
20444,0.25405063714938336
20446,0.12638690144127457
20449,0.1710813389727432
20452,0.11362069171479501
20454,0.13353942157058837
20455,0.1419129907138429
20456,0.13132995788925847
20458,0.14107625921322572
20462,0.14225366813649126
20464,0.1614077500561831
20465,0.12264054040309115
20467,0.15060974347494657
20468,0.051053113193741395
20472,0.1822228702313441
20473,0.05805306658533671
20475,0.13735212286338835
20477,0.15065249855804266
20482,0.12758083718563432
20483,0.23400877301455597
20486,0.2307067191715555
20487,0.15825929993848065
20490,0.13317390425529874
20491,0.1296067809735386
20494,0.058811658768317523
20495,0.13033376591715637
20496,0.12710862303911613
20497,0.13019093130766632
20498,0.20930985054965728
20499,0.14134984914447282
20507,0.1008406886303266
20508,0.13902499256095088
20509,0.07433861738695006
20510,0.13831722996965004
20511,0.14562618041325945
20512,0.06646485151097385
20513,0.17208358866294354
20517,0.14420226537796094
20518,0.2616743345478102
20522,0.15779968159003363
20525,0.15107923652665373
20526,0.1280182450064015
20531,0.21895400730302522
20534,0.16987938057838575
20536,0.13198671745910537
20540,0.1335814492367859
20544,0.15014899869198467
20546,0.1490425533905463
20548,0.057155544106621235
20549,0.1326948712578525
20550,0.05462821292736626
20551,0.11513549624441069
20552,0.14240934220697377
20553,0.12920886835157935
20555,0.226542991977262
20559,0.16383471359974602
20560,0.1416877961171989
20561,0.24801816567420296
20562,0.13257402455492381
20563,0.1526196999413589
20565,0.149851484916945
20567,0.13598819949085017
20568,0.19105958794894778
20569,0.14699313332930114
20572,0.1275996269948279
20580,0.1584486472000682
20582,0.14831063817508008
20584,0.25978673984670414
20585,0.15190351065592442
20588,0.04257117267161831
20591,0.15763537210971146
20596,0.13679268555766197
20597,0.060246810392348575
20600,0.14777107263465972
20602,0.2047072742040929
20606,0.05564571134586538
20609,0.1388481627109585
20610,0.17048492561905546
20611,0.15352021816476583
20613,0.1290553117214651
20616,0.20830073115313688
20619,0.031960760075530927
20622,0.1597910370839629
20627,0.13438205021956956
20630,0.12441866461608646
20631,0.048946535538262746
20637,0.11320377563390921
20641,0.2335285600157253
20643,0.2217518473325909
20645,0.1572794115206413
20647,0.11102552276716074
20650,0.15009340316374778
20651,0.12148596367148487
20653,0.16233282150784226
20654,0.156290975281023
20655,0.05896136431071504
20656,0.15875347781245308
20657,0.1423313805209614
20659,0.03814866144497631
20661,0.06219268008524692
20662,0.05838526532514343
20663,0.1383972345176284
20666,0.1479990599870386
20667,0.11346836501699105
20668,0.1484893381720826
20669,0.2512845223656898
20673,0.0625583306195451
20675,0.15064108738163368
20676,0.1951329627068198
20677,0.1405007472854171
20681,0.12372750206115658
20684,0.1250794586173598
20686,0.1461011518057213
20687,0.13486158596259948
20689,0.13430474955535285
20690,0.15532512393354161
20691,0.15239031198604594
20692,0.1429053958640808
20694,0.12589184026204275
20695,0.16558798767444902
20696,0.06349595417067842
20698,0.13976623893482643
20700,0.1713611038319131
20703,0.1252631004407738
20704,0.36308022701364695
20705,0.14368590544240295
20706,0.09854507719123357
20707,0.14031269377873123
20710,0.27327347950753184
20711,0.11510011270767208
20712,0.08179628335829943
20713,0.14306212466133042
20714,0.15865648755857664
20715,0.13873815592370278
20716,0.18493970967188514
20722,0.14206860263265172
20724,0.17248723961204201
20726,0.2364860539949356
20728,0.16259003530867722
20729,0.24626173138828514
20730,0.1402432418275968
20734,0.15119060162002357
20735,0.053318915872345315
20736,0.13393412662182871
20737,0.11170215018402112
20738,0.1474675177510711
20742,0.24929443751080538
20743,0.038002710076245574
20744,0.12566709641944165
20745,0.14155841394544916
20746,0.14988812961473874
20751,0.08101795302776031
20754,0.1282039539300669
20756,0.2311434031725653
20758,0.13443657925078686
20759,0.1534625106996923
20760,0.16245014815184305
20761,0.21616339689522424
20762,0.11929292981407263
20763,0.09277870509749929
20764,0.12046987416471558
20767,0.23088897611383874
20769,0.09146746996591087
20770,0.15658803285149092
20773,0.13702411685484342
20775,0.3392635215000481
20776,0.11312601106939692
20777,0.23416822739882848
20778,0.056450236967748896
20782,0.12920028956512455
20783,0.12389307079089601
20784,0.0999178202523235
20786,0.11135024857191776
20787,0.1326160452913078
20788,0.12735742765395736
20789,0.0359252797427312
20790,0.06149078232402484
20791,0.1323855659346685
20800,0.24011865472577018
20801,0.14444649528223324
20804,0.1526613437312695
20807,0.19261963222103962
20809,0.05720406849812767
20810,0.33075808716702104
20812,0.3675457241873121
20814,0.1351587731343186
20815,0.12851438618676947
20818,0.03271092180467306
20819,0.16516281171300742
20820,0.16373164469920268
20821,0.14655526320790696
20823,0.14410366687868367
20826,0.1686581673426214
20827,0.2796993822821676
20828,0.14759589863104552
20829,0.12354518370214809
20830,0.15591351993433428
20831,0.12316760988664105
20833,0.13549518105019345
20835,0.0736656743674108
20836,0.13206950796171468
20837,0.16013952390093383
20838,0.13818736768397294
20841,0.14511719761771136
20842,0.13573092953450305
20843,0.15023493080037736
20844,0.1188402877215781
20845,0.13970841774613127
20849,0.23442520444705908
20850,0.13448754802530888
20851,0.14334140060364234
20852,0.15216792221158784
20853,0.17023766916528296
20854,0.13569195683678087
20855,0.15241850912539062
20857,0.06313342824613903
20859,0.14886633601015037
20861,0.13641355707093453
20863,0.16907382596477305
20864,0.26406812503462934
20865,0.12520099525344625
20866,0.07513803208184032
20867,0.21733246057908026
20868,0.22563183230925243
20869,0.16518796358798818
20872,0.17024324212876135
20874,0.05279222471616149
20875,0.1419867860358864
20876,0.13363019934138481
20878,0.15526818323274147
20879,0.15357744741990204
20880,0.058403229540555594
20882,0.24001600356567537
20883,0.21905397817048658
20885,0.03717375862409196
20886,0.14686832342520004
20887,0.05989605266967504
20888,0.15025147038757128
20889,0.1357977805114181
20891,0.13595767707932915
20892,0.14028797914053154
20893,0.15719009447509397
20896,0.1351198165483909
20897,0.03817231413824631
20899,0.15089467445615948
20900,0.24710798910266532
20901,0.14402919377525758
20902,0.1476715580933504
20903,0.10917222509189094
20905,0.13472735150756432
20906,0.21884688138575617
20911,0.13946744373641257
20912,0.15348035382835046
20913,0.16035221558045135
20915,0.12068378218442963
20916,0.177174005291783
20917,0.3432713116133723
20921,0.1282611441354174
20924,0.12757938095168342
20925,0.15326734367525943
20926,0.13607487397273918
20930,0.15066651632201297
20932,0.14595426195886532
20933,0.13527985233469456
20935,0.15734221402176868
20937,0.09345949064290653
20940,0.16762718781288574
20941,0.051428451377522104
20943,0.13023188775740113
20944,0.05920932212656394
20946,0.09497869189064345
20947,0.13827868666698098
20949,0.14802396767022727
20950,0.11498878577693927
20955,0.12550147933833805
20957,0.14935710751887363
20958,0.15253931354318342
20960,0.15647811730639774
20965,0.21620876216375398
20973,0.2332908462528364
20975,0.12141517570905079
20976,0.15800973799354548
20984,0.1541494639303577
20985,0.13875751443023038
20991,0.2570161155910823
20994,0.042465912524729886
20997,0.1457933448868947
20998,0.142988555460552
21003,0.14330715834783173
21004,0.16095153988316216
21006,0.105792029171056
21008,0.13358883864906992
21009,0.05825003009608026
21010,0.14658978142472376
21013,0.24779957073246855
21014,0.17183614401603234
21016,0.14968907255709357
21017,0.12681330782840913
21021,0.05383334472098424
21023,0.13957318382300732
21024,0.13982662485183414
21025,0.12608422170073189
21027,0.16630111427504232
21029,0.07826445394715281
21030,0.06930843318343029
21031,0.05606068845732326
21032,0.166329427419955
21033,0.15874555872909377
21034,0.20480233503930934
21035,0.052624306185063016
21038,0.14622245152142527
21039,0.12162222013967473
21042,0.1524524413197446
21046,0.13847396477959725
21047,0.14324710376924127
21050,0.06284593735663101
21051,0.2259035443475207
21052,0.13794097711795072
21054,0.05017007257367776
21056,0.16481631551860731
21057,0.1425410918253099
21058,0.14128157612213493
21059,0.11993338664360693
21060,0.06300191327544266
21063,0.03395797093845212
21066,0.06522255805060201
21074,0.15133875390735824
21076,0.14685624999971258
21077,0.1473695217335115
21078,0.1200544449715453
21080,0.13817894469016057
21084,0.031984503748008236
21090,0.2266424250423953
21093,0.12007897572531015
21094,0.13665802820021586
21095,0.19508767102097496
21096,0.15130939419315395
21097,0.21925176288117568
21098,0.06725243773273311
21099,0.14659573116475116
21102,0.1611846682671884
21103,0.1498406057389079
21104,0.1268300926748109
21105,0.13762512783375938
21106,0.23081791562186496
21107,0.18542477811723165
21108,0.15143125284915995
21109,0.0578737173033325
21114,0.054711989322758336
21119,0.1345861204198338
21120,0.12213626707483316
21121,0.1388063079440021
21125,0.1626261282287713
21128,0.15419047170890307
21129,0.06736792748424839
21130,0.13755562726007173
21131,0.13369279190805133
21133,0.2242031284869411
21134,0.14852026342934932
21135,0.138866583056114
21137,0.11211749795451124
21138,0.13665889681130797
21139,0.06097285616123696
21140,0.13287004561069893
21141,0.1267499274640438
21142,0.13759345863111788
21143,0.1506889764739316
21144,0.1130425325806359
21146,0.10527572861604555
21147,0.1590768849965773
21149,0.12667514020931678
21150,0.1449504758156431
21152,0.27196215017950154
21153,0.15510512156348719
21155,0.06573145281270229
21158,0.11278460285184379
21159,0.14087043277097192
21161,0.15413927533058214
21162,0.1141057406702843
21163,0.14015923588216198
21166,0.14902165229286474
21167,0.1792443997688805
21173,0.12299380725876036
21174,0.15447893386024594
21177,0.14847759063072463
21178,0.14003192013358393
21180,0.24330765523844594
21181,0.06785178999427961
21182,0.062278622090388876
21183,0.1538578582469629
21184,0.13939414776445808
21186,0.1152895018747756
21187,0.21866904457717248
21188,0.13454778577984947
21189,0.15810914571640475
21192,0.15268810770106842
21193,0.15815768527599464
21196,0.046206557339965815
21198,0.15797146932064435
21199,0.13288279970357966
21200,0.16168989183707988
21204,0.1626911024427569
21206,0.13557030929017286
21207,0.12222615740307187
21208,0.1625549012020113
21210,0.13118248681123848
21211,0.04901286071631857
21212,0.13084563344406797
21213,0.1120431232341424
21214,0.13587999710037757
21216,0.20889815764075445
21217,0.05610019462002178
21218,0.16642452998683413
21219,0.22468001249662745
21220,0.13379137441424768
21223,0.24450873374118667
21224,0.16029244506393975
21226,0.28131790513907556
21227,0.11340999554801649
21229,0.03791758266255711
21231,0.16046689684281124
21232,0.16026606466382845
21233,0.1435016523624463
21237,0.11693879239227557
21240,0.13906046322728388
21245,0.22919048768992867
21246,0.15390710644358285
21248,0.16054511781879566
21251,0.1267530416120649
21252,0.12981028265762617
21254,0.12833291343908945
21256,0.14341120021998074
21257,0.15162435866010257
21258,0.17519456397383792
21259,0.23859654635100755
21260,0.15988029496939624
21262,0.1332054799628375
21263,0.18698935513693557
21264,0.1722427928513158
21265,0.15011619034930146
21268,0.05825384986163788
21269,0.03212552020387558
21271,0.24672309977023296
21272,0.21512180640540723
21274,0.16031084132185958
21276,0.1200899479241204
21279,0.13456524235280493
21281,0.11291577679214207
21283,0.19461546556856243
21285,0.10909278789895652
21288,0.13762203264635717
21289,0.20436885529734505
21291,0.12657671457712455
21292,0.05887023689345027
21294,0.19340237950963798
21296,0.13119569576072104
21299,0.1347079577487487
21300,0.14388353840009682
21304,0.0374970866040444
21306,0.06714065583154821
21307,0.1217676812955532
21309,0.14873114981360847
21312,0.14633426653723017
21314,0.14283067846551786
21315,0.3195233987321383
21316,0.12827164032324354
21317,0.12379915111637686
21318,0.08585500080643672
21319,0.14953839686913128
21320,0.15270484852834015
21321,0.13913345876912628
21322,0.20831558433674804
21323,0.1698161831200833
21324,0.12524490383096032
21326,0.2632846912255193
21327,0.14550020624674362
21328,0.14850446564410966
21330,0.11535853345646083
21331,0.14053218017502647
21332,0.23660917235685455
21333,0.14093415062024944
21334,0.13525156875156458
21339,0.06197041345762334
21340,0.03487249416813414
21342,0.05575581760057457
21344,0.1605605248921045
21345,0.27224816738649793
21346,0.24869256423316063
21347,0.06971222111161082
21348,0.045430466135472955
21349,0.1332073210227542
21350,0.15737440498967023
21352,0.05584229648114975
21355,0.06044485086532498
21359,0.18507736888919685
21361,0.1377621632252639
21362,0.13038779220458413
21364,0.1281781755253405
21366,0.10319384519559177
21367,0.14859445095489485
21368,0.1321761647152779
21374,0.2248084092467781
21379,0.11985209297558566
21380,0.07681253756146257
21382,0.1296336458285814
21383,0.11582642217220163
21385,0.14260959195726922
21388,0.1636202273762928
21391,0.15882803865373396
21393,0.13456706540350805
21394,0.21069533360714005
21395,0.13847801385035713
21398,0.1494673353392695
21399,0.056265674491170446
21400,0.16310536825965474
21401,0.14005049786960938
21402,0.22211339896146284
21403,0.24244718839673612
21404,0.051396152880646195
21406,0.13932938828848093
21409,0.1240315496853639
21410,0.15366597637311366
21412,0.17275130965753044
21413,0.11856036039321707
21414,0.14962994853666484
21415,0.15580656332732096
21417,0.04880396160872942
21418,0.1369264109394411
21419,0.10543795609049628
21420,0.14136939456101463
21421,0.2276198532718033
21422,0.13034602866587208
21423,0.06092037293176156
21426,0.17834425355148556
21429,0.06012347856147218
21432,0.14418331065656156
21433,0.13094816870800435
21434,0.13339848441528782
21435,0.15463892043206767
21436,0.0613141753941214
21437,0.21822062370771875
21438,0.14231894353077457
21443,0.16627254359359986
21445,0.14865238989814167
21446,0.12351928065112941
21448,0.17634649427684615
21450,0.054716586324913996
21451,0.13909678140270373
21452,0.13972746286518664
21453,0.14278978000207768
21455,0.16431133908880008
21456,0.15906365237524694
21458,0.05508523241414495
21459,0.15809393611140035
21463,0.14499866841587794
21464,0.37001155754834075
21466,0.04915631747616497
21468,0.1309970672025529
21470,0.10999170804169374
21473,0.16334093686740309
21474,0.13645865085002631
21476,0.13699209175020893
21478,0.10700125974974023
21479,0.14309225423757121
21482,0.12703890130374487
21486,0.11533002852358826
21487,0.13967616361599897
21488,0.116578075940308
21489,0.06371998689246527
21490,0.14095457539992254
21492,0.27031598901941756
21493,0.26319458384928124
21495,0.1644161616145747
21499,0.14947541474402873
21500,0.13130700371079201
21503,0.14099189789231378
21504,0.15729692423480712
21511,0.05715153605286333
21513,0.1470081612319831
21514,0.03379872475827071
21515,0.2358657418028658
21516,0.1365703897491933
21517,0.03229536426272089
21519,0.14187972806064802
21521,0.1467230379468454
21522,0.2657005935352054
21525,0.07236632222997232
21526,0.21684254723595325
21527,0.12770935002070274
21529,0.15625005674458672
21530,0.09371235504445576
21531,0.2699198775079676
21532,0.19991046430518297
21533,0.11375744897127527
21534,0.16545479747733458
21538,0.09596807569493195
21540,0.13576689320604
21542,0.11877346980641784
21544,0.15661596601187786
21545,0.06609666806819661
21547,0.1426130107895104
21548,0.1254080108246435
21551,0.11789500206409308
21552,0.16944268375952598
21556,0.1196891219908736
21557,0.12578943144445723
21558,0.12829971993913905
21559,0.2113638466006126
21560,0.09746685232187659
21563,0.06500147420615653
21567,0.164962587864205
21568,0.13481999440331588
21570,0.07193074528602146
21575,0.134220078251372
21576,0.3565051441340251
21577,0.0540375448691038
21579,0.11100906233304235
21580,0.05601691652856
21581,0.12605939814725267
21582,0.1255408295123459
21586,0.16017887439595377
21588,0.1402545990160291
21589,0.1405848431755429
21590,0.1219707617348072
21592,0.1461890261181471
21593,0.15279321189464046
21594,0.1839759299660748
21595,0.07376847140066799
21596,0.15513240120902955
21597,0.13133568912996163
21599,0.14380941796941676
21600,0.060659643136129225
21604,0.05788447210043331
21605,0.1312803142737557
21606,0.32775836372971834
21607,0.14621668669289034
21608,0.15942144829827123
21611,0.060190126543986686
21612,0.2552504045661706
21613,0.13035158115076756
21614,0.15843940605288576
21617,0.1435611749068672
21618,0.13405892416462817
21621,0.1374244042293905
21623,0.16001461325136918
21624,0.12363241660847651
21625,0.356690245485423
21626,0.14370396058402274
21634,0.1250820553975255
21636,0.14740823975765566
21638,0.15159749373123493
21641,0.13247019098995966
21643,0.15708319208591018
21645,0.05722305426686731
21646,0.05710200759230324
21649,0.1468240319685443
21650,0.13707106215479425
21651,0.05831897820476908
21652,0.13516385494922115
21653,0.15668735999833802
21654,0.16900296516857444
21659,0.12420309694721991
21660,0.027354726859032837
21661,0.11881535420835108
21664,0.14125710138297118
21665,0.12269160438050243
21666,0.38529809277138977
21669,0.14464406234220994
21671,0.12118387054575955
21673,0.2339291908846112
21675,0.1509998813754326
21676,0.12385339085186206
21677,0.11471339692304522
21678,0.1947783288588752
21680,0.13620252838603997
21681,0.15423877092100743
21683,0.11389086659023644
21684,0.12491032496224498
21685,0.05490879574021924
21686,0.15022884703463504
21688,0.1445414870585178
21689,0.1506419777073756
21690,0.157081317518438
21692,0.14381603921397343
21693,0.14096617585836232
21694,0.0647267175198334
21695,0.12385547677226456
21696,0.129114424843613
21697,0.14185242973694898
21698,0.22108792417151554
21699,0.12323351375677134
21705,0.1402324068014021
21709,0.15314498160623574
21710,0.16888646109287322
21711,0.2567908874520799
21714,0.14937752579088082
21715,0.1562472935666323
21716,0.13290027067909155
21719,0.22893254835276616
21721,0.17164416910166816
21723,0.18370806351049176
21727,0.24947904675711208
21728,0.12027192246496368
21729,0.1294496236802624
21730,0.0586714096479459
21731,0.17203331966296334
21732,0.07623716229560976
21733,0.1488527046287159
21734,0.14104956002788066
21736,0.13392161031891092
21737,0.13338354255036666
21738,0.16279513128904263
21739,0.1760867057128201
21741,0.16121324795800202
21742,0.1656008692693666
21745,0.20881615597845515
21746,0.05805959175272578
21747,0.14841298903022648
21750,0.10081354865495067
21751,0.11604618529853604
21754,0.14567780459051013
21756,0.15982896604532906
21757,0.15469426124181693
21758,0.1508733046530645
21760,0.1158151593082468
21765,0.13990774467543068
21767,0.12240452580005703
21768,0.13491313788806344
21769,0.1472575410960618
21770,0.11661855951690435
21771,0.12117805264764227
21772,0.16144402997345073
21773,0.1333892713438011
21774,0.16378692857974128
21775,0.12819572308624616
21780,0.1461380220014984
21781,0.14945725003757948
21782,0.14999732805874313
21790,0.13744994309755765
21791,0.1651965368904462
21792,0.14790564469442896
21793,0.21613069254049064
21794,0.10702512907597905
21796,0.05152773192124396
21798,0.16318162064911748
21799,0.125293974811787
21800,0.1345136652817964
21802,0.13927716528780965
21803,0.14005941792502974
21804,0.15234748938832168
21805,0.12254023654909901
21806,0.1553629345484839
21807,0.21094379527150983
21808,0.15016507572171683
21812,0.12000970044125817
21813,0.03813786058448273
21816,0.15365816153387368
21817,0.11034245000161569
21819,0.13587500553773937
21821,0.05466213018447917
21823,0.14525309513763301
21826,0.14627900853132095
21827,0.12168777475147878
21828,0.1444045353269255
21829,0.11487938971069125
21831,0.1505182776629989
21833,0.13251337226661547
21836,0.229647562026031
21837,0.15441532362357718
21838,0.14319699021830115
21839,0.15406702696048513
21840,0.12412396251023858
21844,0.14949710195894197
21846,0.1401427624063647
21847,0.15048568144269428
21848,0.2178949275286304
21851,0.13905164174211776
21852,0.16851152783460394
21853,0.1799347825211603
21855,0.11122497896047384
21856,0.23518727322649574
21859,0.16970120216753942
21862,0.089535930921192
21864,0.08461669872693046
21866,0.23474875297859804
21867,0.14256244800183582
21868,0.14344411679856237
21869,0.13206571593568606
21870,0.11881211469012315
21871,0.19564766308232076
21872,0.06215673436916179
21873,0.20615367167831886
21874,0.12118035928384255
21876,0.12867576488329752
21877,0.2200503455785712
21879,0.17213907567407702
21882,0.23070195595132698
21885,0.14029884646399354
21886,0.10454629386670014
21887,0.13203120583074793
21888,0.1743986395742214
21889,0.14100137310808783
21890,0.15494496766394958
21893,0.1457338087561555
21894,0.1352072275025289
21895,0.12353009948312516
21896,0.23185565188875046
21899,0.2615859584227622
21900,0.1533831120172242
21901,0.13569191691779992
21903,0.13314543472213816
21905,0.1465189920130444
21906,0.21906040599618165
21908,0.09988035584995014
21910,0.15155741258136898
21911,0.1257029777931199
21913,0.15957622167756053
21914,0.11618397818765687
21916,0.11851400612974211
21918,0.05749239546092979
21919,0.11798960261911111
21921,0.15793477331894204
21923,0.12298227085405557
21925,0.05748011007864168
21926,0.16158510801222462
21927,0.15071639980191892
21928,0.1269843935413257
21930,0.14647525779296025
21931,0.1335079659102192
21934,0.12965270845600557
21935,0.15134363417022353
21936,0.383741476430819
21937,0.12719149239997712
21938,0.23976038998702942
21939,0.36164839148015276
21941,0.1255888310694186
21942,0.15118004772427018
21945,0.16286650261162833
21946,0.1194315587059798
21947,0.17521103393930768
21948,0.15017305486120033
21952,0.06474477327905377
21953,0.16588289646146476
21957,0.15583303575215518
21958,0.048040786669653446
21959,0.1407325959260903
21961,0.13441321856758537
21962,0.15347028250321912
21963,0.05500729322321701
21964,0.16860703176131572
21967,0.15660162439511113
21969,0.0625372164684946
21970,0.14005570713790766
21971,0.050533936010334145
21973,0.18283182213671612
21974,0.12597591147205348
21980,0.11878462735161684
21981,0.06087621553183282
21983,0.1255664165125938
21984,0.11593750993980358
21985,0.1303589261531894
21986,0.1478601360193058
21990,0.14596009474071647
21991,0.1342449819202782
21992,0.11731990364277033
21994,0.17238752600631363
21995,0.11566872987270026
21996,0.06932008667545313
21997,0.15138960098394957
21998,0.1638851227046997
21999,0.13939883539359457
22002,0.053115168630606766
22004,0.14045194273359798
22005,0.26303214610826586
22007,0.13854734801574503
22008,0.14137171461848907
22009,0.12145902306220738
22012,0.3343053788986074
22013,0.12642986149341856
22015,0.07525139902853033
22016,0.14056162962627983
22017,0.0601920703078978
22019,0.2104579101341905
22020,0.16627735652505027
22021,0.028965705743385306
22022,0.1367514892503372
22023,0.1547171676670426
22025,0.17866413069265974
22027,0.16732847812547672
22028,0.056922079006832466
22033,0.14449435328038124
22034,0.1889758901454257
22035,0.13701092078924215
22036,0.13862803480606142
22038,0.03978167752308349
22039,0.15454071145940174
22042,0.22367589108722913
22044,0.11617044504713114
22045,0.1360604444261621
22048,0.2521269982310895
22049,0.14639862774479986
22051,0.12752765821940934
22052,0.06678736247369457
22053,0.14672796958349268
22054,0.1537884310056458
22055,0.12546328550411606
22056,0.14928673125542982
22058,0.2375900841486119
22059,0.1465005655957611
22061,0.06505154411027507
22062,0.13846901855267352
22065,0.13342783835230834
22066,0.1284467849022869
22068,0.20698335476972424
22069,0.14591400982717825
22074,0.17935930781288917
22076,0.15957266635338252
22077,0.13020761642722148
22078,0.1474118537533155
22079,0.23011086101554845
22080,0.16837093200768058
22082,0.04873006655781684
22084,0.1431785572594784
22085,0.1581849372116973
22086,0.14313397471708506
22090,0.2295250220302076
22091,0.15634572143376346
22093,0.1291280984886506
22095,0.05864866231714468
22098,0.13048512208640406
22099,0.05929741425718614
22100,0.08874202277507119
22101,0.16344896204584905
22102,0.39494436396509913
22103,0.12305988772163302
22106,0.1600223047531581
22107,0.15362251219655912
22111,0.15010332987446065
22112,0.21427140127064095
22116,0.0753360707821157
22121,0.20289858697892674
22123,0.05158187220522382
22124,0.06539058710811171
22125,0.12916760682225603
22126,0.1639564999907664
22127,0.09325048629613272
22130,0.13274237260705926
22131,0.17667458822664117
22132,0.06788749068656787
22134,0.24731684265058768
22135,0.1601911199576563
22136,0.2391366189773158
22137,0.17854788266400465
22141,0.16487881795315915
22143,0.15555667515208876
22146,0.15420595684169114
22147,0.12716670506847982
22148,0.25276822800584714
22149,0.1351688026075096
22151,0.15046695713742517
22152,0.14189148010469763
22153,0.1357203142731374
22154,0.13790758976979706
22156,0.19043830433117606
22158,0.13395988489560318
22159,0.1744773871704476
22160,0.1519806410983092
22161,0.13948252980617148
22163,0.09268563090868516
22164,0.2121844623301452
22166,0.1484159539993341
22167,0.06445084904575564
22168,0.25238144595704004
22169,0.17432971056303181
22172,0.17015655590168274
22175,0.14214283671167371
22176,0.06196680761578366
22177,0.11942219581001888
22178,0.2819992098106967
22181,0.14726486098979852
22182,0.1362069437836596
22183,0.05853110258027865
22184,0.1383802573558522
22186,0.33247778080686774
22187,0.16166066462610518
22190,0.1858296697911438
22193,0.14199997979586038
22194,0.13438628223737653
22195,0.17789746821356786
22196,0.057163978149420834
22197,0.23053355784232682
22198,0.052629059756972796
22199,0.18276683614882733
22200,0.156100407316951
22202,0.24287558968277048
22203,0.13887209860233765
22204,0.14530670566215187
22205,0.12446075612867047
22206,0.14759687434894445
22208,0.14871420654159823
22210,0.11718990929268211
22212,0.23676962275226787
22214,0.14814638277707035
22216,0.15843574406205482
22219,0.162124544541122
22222,0.15992076661801752
22223,0.27628581983225314
22224,0.137072564200995
22225,0.1490323252397114
22226,0.059112467318258644
22227,0.2289262075784279
22229,0.1212094623914784
22231,0.15129305929462245
22233,0.15329686323544608
22234,0.26593292181985617
22235,0.12237734434927645
22236,0.15764848677014992
22237,0.1551446859851329
22240,0.1018862926281466
22241,0.16891314723018527
22242,0.14142812014003267
22243,0.1287388331454954
22245,0.1530921095467081
22248,0.16973953609108525
22249,0.1363304432971621
22250,0.19041305702083264
22251,0.1483256646320457
22252,0.058069636336008285
22253,0.14838776317704372
22254,0.1250756233654165
22255,0.14005254225553604
22257,0.08774861205939329
22260,0.14571419728552057
22262,0.15145730597655171
22263,0.15708066254032046
22264,0.15381822212752896
22265,0.14670504110230873
22267,0.3429703894970297
22268,0.186261949397755
22269,0.23111618953263782
22271,0.06167940960885896
22272,0.1446347416487255
22273,0.14262118196057377
22274,0.17696792379117565
22275,0.07404350443826248
22277,0.3988053431579825
22282,0.1441982179214701
22283,0.08137342113936356
22284,0.0534424886865698
22286,0.17457073535696122
22287,0.05747226276959442
22288,0.14590345025752374
22289,0.1599345753086188
22290,0.1225975404026098
22291,0.1402268184852888
22292,0.061506355088048095
22293,0.15458962587715142
22295,0.14127123878179706
22296,0.15636784663785458
22297,0.16060137026175653
22298,0.14240189512844673
22299,0.1283899502305818
22300,0.2197712831210553
22302,0.2162508623426464
22303,0.20837568132126624
22305,0.1085030984775402
22306,0.16489996528031595
22307,0.23149421160715122
22308,0.1262985997943653
22309,0.14920651479957392
22312,0.2630910331604825
22313,0.11516343841529608
22314,0.15966494787042412
22315,0.11792423829553965
22316,0.22566756545461325
22317,0.060054782374158455
22318,0.18039141745117018
22319,0.2411384438699934
22320,0.16919085264209816
22322,0.16849751561640428
22323,0.2528953574732147
22324,0.15298149157804375
22328,0.1495444673818102
22329,0.14110771210720696
22330,0.1393101953906267
22331,0.15948718135226136
22332,0.1372941595510833
22333,0.05458859156714033
22334,0.15147610044568433
22335,0.15124530445344633
22336,0.18175203920109156
22338,0.22196123330436235
22339,0.12724456250140537
22341,0.13013097457330086
22342,0.13712742410681988
22343,0.16800626326938556
22344,0.07171247268655538
22345,0.1767586350954401
22346,0.07573450267507695
22350,0.13513702261915728
22351,0.1304649132197951
22353,0.1374744270253358
22354,0.17724921471319507
22355,0.13986075046048585
22358,0.14000776092598569
22362,0.15424929452825697
22365,0.15584986935013878
22366,0.15956122010378337
22368,0.12245522970357461
22369,0.1108792321037031
22370,0.05265648880118619
22371,0.11823572981593145
22372,0.23867258699629415
22373,0.12788665408802266
22374,0.12049477294487998
22375,0.14646154844792814
22376,0.17268933619093893
22377,0.13274628698337962
22378,0.1462457547512584
22379,0.16154895581086537
22382,0.13589238696548836
22386,0.1314938921584126
22387,0.21832027626532902
22388,0.12814601684565946
22390,0.14555964992523895
22391,0.12057180101020061
22392,0.11505388301784508
22393,0.32223868636055186
22394,0.20440500027829117
22395,0.16550320566885615
22397,0.15928141900921486
22399,0.1914139307910561
22401,0.14131795846337797
22402,0.14792686220606796
22403,0.14331880475258085
22405,0.2127789655967281
22406,0.13300703340015432
22407,0.19078468993962658
22408,0.1502156960418859
22409,0.060952534325442016
22410,0.1319943543236505
22411,0.2775835657730824
22413,0.1792230257036359
22415,0.14685496838991488
22416,0.1670183793287731
22419,0.16999297943321767
22422,0.16550712658163277
22424,0.16259620185907253
22425,0.2635011223233854
22426,0.13807420483252272
22427,0.1652506297656769
22428,0.1484203619357479
22429,0.17190289902270206
22430,0.10951310873964447
22431,0.14227638995806605
22432,0.13047781910784967
22433,0.05698424680803775
22436,0.11360426123120762
22437,0.13112895121844992
22438,0.14059034780710228
22439,0.1263094597742811
22440,0.1560904610750113
22441,0.11950988052847042
22442,0.12558647162471517
22443,0.15632480814145797
22444,0.12238211201680625
22446,0.05526584436688522
22447,0.14901960096948605
22448,0.15968771788121533
22449,0.13634967938199985
22450,0.1455212158144657
22451,0.1469090961899119
22452,0.22674160103212754
22454,0.05835953619806333
22455,0.39898832682446866
22457,0.1466424681404483
22459,0.11973765582774343
22460,0.15530097742786744
22461,0.13859175233416146
22462,0.19231912702895818
22464,0.13436356314449519
22465,0.1445001406250837
22466,0.22577738676610395
22470,0.23017715670165453
22474,0.20244491138892662
22476,0.12519520209902302
22477,0.15329386647805412
22479,0.15823451363168411
22480,0.2673795513432528
22482,0.14350480805717525
22485,0.1202206488689195
22486,0.16941383017422143
22487,0.12804649017733843
22488,0.07165566970442086
22489,0.12104526638817886
22492,0.14339981392245577
22493,0.15487943386574055
22495,0.13507157051081622
22497,0.1598773042309548
22499,0.12170593525620688
22500,0.12141606267975645
22502,0.15314745484150774
22507,0.14428738325076154
22508,0.04645809662172218
22510,0.11012902321139725
22512,0.1559921522162634
22513,0.12322884354303151
22515,0.15536107601322124
22518,0.14802157616750783
22519,0.13734215673544725
22520,0.143737114062131
22521,0.08285245435427599
22523,0.16951885660805385
22524,0.38785318358346205
22525,0.15527748151647458
22526,0.24554851612192055
22527,0.13068981149254233
22528,0.13101268879201378
22529,0.10639785986777049
22530,0.19580311009641332
22531,0.1394997780055573
22533,0.16017478218696193
22538,0.12438431158762307
22540,0.05362175992425419
22542,0.14520740629023596
22544,0.14752249961093
22546,0.08805622757756057
22547,0.2521911294469347
22549,0.1283041193925168
22550,0.3107890292584226
22551,0.2688195799913039
22552,0.1340395352597536
22553,0.0333950754735945
22554,0.21140260139156605
22558,0.062217661272065475
22560,0.11778760290991125
22561,0.19361364833753714
22562,0.18806324817896156
22563,0.25843880967075145
22564,0.20725139119961603
22565,0.14374246962517248
22566,0.12859655839105968
22567,0.14346488478946967
22570,0.11636339350252539
22573,0.18594489561047126
22577,0.1632888233255568
22580,0.1416317364385618
22581,0.1574949975054868
22583,0.20420187054676125
22584,0.1613088255346835
22585,0.12104934341774681
22587,0.106452052651534
22588,0.1278519691772573
22591,0.23559374910169376
22592,0.20731387959843497
22593,0.17019563033615484
22595,0.20468773330674284
22596,0.24235267367690558
22597,0.1525985557035315
22598,0.150499762959172
22599,0.05700070317952687
22600,0.14818868652870562
22601,0.15267581745029393
22602,0.17480290397730047
22603,0.21223751920097347
22604,0.24100322196422505
22605,0.11724084194213344
22606,0.08182622296115406
22607,0.1393970437178908
22608,0.1314819277190973
22609,0.13560943030083428
22610,0.17093816287697303
22611,0.16119821581277977
22612,0.13529737520842305
22613,0.25775494401754445
22614,0.23371631685131117
22615,0.06345268049513773
22618,0.14310785069057608
22621,0.13827330712826308
22622,0.13057797989683453
22624,0.14542313022909575
22626,0.1767267683765887
22627,0.12612507630942404
22628,0.12127902401559836
22629,0.13463730557071119
22630,0.10882116020504065
22631,0.11434641659989477
22633,0.14375585365242394
22634,0.12955197616955336
22635,0.14411012352216504
22637,0.11671322077033033
22639,0.192840133116376
22641,0.13130154072998904
22642,0.1812194585023075
22643,0.15719686063685642
22644,0.39165017225613885
22646,0.12143515404485081
22647,0.22832960447439982
22648,0.15491691436579288
22650,0.23114468299103544
22652,0.12345818001627004
22653,0.14194372397340332
22655,0.25442130369693905
22657,0.03522378037282232
22658,0.14960829198502396
22662,0.13830971686558374
22663,0.1343192628788775
22664,0.24074721305647045
22665,0.1567979430479831
22666,0.23334805473824327
22668,0.15330496480729022
22669,0.16023260541085455
22670,0.1720772151395237
22671,0.16660751974909227
22672,0.10449632517598868
22673,0.07854571321026718
22676,0.12978761123710988
22678,0.15079508084867455
22682,0.15550261866285747
22683,0.13424545794837012
22684,0.13227773784592384
22685,0.1291072317433973
22686,0.15521916790101625
22687,0.2192697297203916
22688,0.12228991649863434
22690,0.15779121180963032
22691,0.14495315559355393
22692,0.14292966924654799
22694,0.1355798512250638
22695,0.15368889408560338
22696,0.05740429174414062
22697,0.2725225983171825
22699,0.24143363580866628
22702,0.2695437340455343
22704,0.09338076964214576
22705,0.16191123296898946
22706,0.1785751247033175
22709,0.0576870960830225
22711,0.22145558881937388
22712,0.14059029957628594
22714,0.150709443248683
22715,0.1548462826020797
22716,0.12394732960014863
22717,0.21902543410882844
22718,0.05747436673051761
22720,0.3476412138784225
22721,0.06432774001451391
22724,0.14764464580921152
22725,0.1471944315002592
22726,0.26954986363205896
22728,0.12038904207336161
22729,0.0798266576448749
22730,0.17380586145494373
22732,0.17116586632339462
22733,0.22591722991987045
22734,0.1454038998947076
22735,0.33874163644345096
22736,0.1367438998378021
22737,0.13429549511238373
22738,0.03245165446147446
22739,0.29097080585948276
22740,0.24776606258218895
22742,0.15076699859944753
22743,0.16552544376689735
22745,0.14044887030154526
22746,0.04527901862887243
22748,0.378696292115241
22749,0.2085944296650371
22751,0.08351395682822063
22752,0.14765451158112802
22753,0.3689770421488416
22756,0.12760068005347588
22757,0.050624349882859965
22758,0.21602808416832403
22759,0.15151274569045706
22762,0.12438647515190218
22763,0.2318133056310207
22764,0.15290808057571267
22766,0.07512138626896363
22768,0.060197437848818425
22769,0.12406184674810788
22770,0.12234809836079043
22772,0.2323558343421298
22773,0.1263340290494235
22775,0.14371263032387285
22776,0.21409167309795013
22777,0.1340442360164372
22779,0.06512654839663483
22780,0.1566892584718969
22781,0.3882306294220059
22783,0.20278944309344343
22784,0.16116967370300453
22786,0.1775790930767281
22789,0.14043424495865406
22791,0.06074191273433145
22793,0.158718529889248
22794,0.14500230364415748
22795,0.06559203270534018
22796,0.06520601743379614
22798,0.16059146450528072
22800,0.14816981422706052
22801,0.16469772750328285
22802,0.17492864123273286
22804,0.07580739632157217
22808,0.1303172520444111
22810,0.3438596572073137
22811,0.13017306961055075
22812,0.054540777441537514
22813,0.14766810232515182
22814,0.15404654612076926
22816,0.12513354849959732
22818,0.1375473259735228
22820,0.21829418467225492
22821,0.05895513312535382
22823,0.14576234714613767
22824,0.1458532326386913
22825,0.12996570141990574
22826,0.2657501961509611
22828,0.13815344737656257
22829,0.23703155567921255
22830,0.18880779776225312
22831,0.1628067426746757
22832,0.1439797917319951
22833,0.05766292272542353
22836,0.1462787711729554
22839,0.11308539099777773
22840,0.06396030858252003
22841,0.13843599708599086
22842,0.12636761932577556
22845,0.21164826628355002
22846,0.12390324148271736
22847,0.14481803686922898
22848,0.13191210637120615
22851,0.1384427110878283
22853,0.1200975705020039
22855,0.13666638999030792
22859,0.13146299163550892
22860,0.3759043721255136
22861,0.1212480951815506
22862,0.21946023120857738
22864,0.14238969430702936
22865,0.04009645049777289
22870,0.14750023419522518
22871,0.15882019691224286
22873,0.12686505400707696
22874,0.15398413307037673
22875,0.144665364122985
22876,0.15547361475874408
22877,0.35823530906116446
22878,0.13103677397076538
22879,0.35382631959758054
22880,0.16292458285971181
22882,0.12593735284883578
22883,0.29306001150459193
22884,0.1464355249204165
22886,0.03527673718577958
22887,0.12882948193207294
22888,0.13679837151570648
22889,0.1638238471483923
22890,0.2105565930093608
22891,0.03909637169655933
22894,0.16321342588001064
22897,0.16407281277499203
22898,0.23420450908836304
22899,0.06025943737216305
22900,0.051586402961763124
22901,0.11940632602902246
22904,0.11686576927091052
22905,0.16726123832145437
22906,0.18027593538067593
22907,0.1788216119673964
22908,0.13901747192911512
22909,0.07670755151097408
22910,0.14460959842128018
22911,0.15012672333204988
22913,0.1557626890552802
22915,0.1462778114901142
22918,0.11311049240302862
22919,0.2372612650781042
22921,0.2621138345331464
22922,0.05913109643566048
22923,0.14877283533176144
22925,0.16443964104788644
22926,0.1090303547579468
22927,0.17183190344252527
22928,0.13848757044754043
22929,0.20950056220923965
22930,0.10846376907242672
22933,0.14065114075454116
22934,0.160459412360626
22935,0.11985393320223002
22936,0.17370086027180046
22937,0.13637531185972832
22938,0.15185490547773645
22940,0.12599646687238608
22941,0.399182707163049
22943,0.14017558857370352
22945,0.11806339898217559
22946,0.13909374293324406
22947,0.20405387968268487
22948,0.21497343304080388
22949,0.24479776363638653
22950,0.15154335599703503
22951,0.1322293386284405
22952,0.15526152215615133
22953,0.1634098243057506
22954,0.14510668164953197
22955,0.35289856214201104
22957,0.38824381369761124
22958,0.12523937735399052
22959,0.12106057903172468
22961,0.16669601939558773
22962,0.13110766537185922
22963,0.11256572277639194
22964,0.17038887639147413
22965,0.15324917424267903
22966,0.15689241327162917
22967,0.16242165777884832
22968,0.3558268181597896
22969,0.12036842023621575
22970,0.1138125968051327
22971,0.15184385474404546
22972,0.33602479137442065
22973,0.18567323904917488
22974,0.225909537176469
22976,0.13887283289227578
22977,0.13448196355048286
22978,0.15489633487041266
22980,0.1337682511125186
22981,0.09811375360916563
22983,0.12552280044160374
22986,0.13832571836709537
22988,0.18756894604290697
22989,0.3569579686738128
22990,0.14085421508635937
22992,0.12660736051624805
22993,0.03355433420155663
22995,0.12470848856586889
22996,0.07836551338608061
22997,0.06355584713264993
22998,0.14171463119924932
23002,0.14649033161206773
23003,0.11885178769914657
23005,0.2224028960975186
23006,0.12487711802953645
23007,0.1210113068318604
23008,0.1593650191949632
23010,0.15157330712171138
23011,0.08544118776872996
23012,0.170716098418681
23013,0.2529360553470622
23014,0.10583987181672468
23015,0.1374594379074707
23020,0.14690444871311736
23021,0.14992020930342911
23022,0.22041481907755592
23023,0.06603537190561963
23025,0.2388592626692317
23028,0.2509466762865627
23031,0.1699698064781443
23032,0.34128144964436746
23033,0.13684957807510795
23034,0.12390987206948649
23035,0.158467583376081
23036,0.17099230793459397
23037,0.07160883361173728
23039,0.3349577902583461
23040,0.12339152334318186
23041,0.1263634590223566
23043,0.11859976741820745
23046,0.1473177478047327
23048,0.061979273968779745
23051,0.14994214967763214
23052,0.1390542508572333
23053,0.1423639257678307
23055,0.1696106431863684
23056,0.13472313967113966
23059,0.16609003391696106
23060,0.12847730117582654
23062,0.14059396771402222
23063,0.1355004791613582
23065,0.14681962006685553
23066,0.1326078434370214
23067,0.11313636942373137
23070,0.1623734891279273
23072,0.1329593152698208
23073,0.12212878050530072
23074,0.11798965757691995
23075,0.14110761480337608
23078,0.13656471430572226
23079,0.16719394352115588
23080,0.16081686060446257
23081,0.05360780511831484
23082,0.24488279137570032
23084,0.11758974470695216
23087,0.12493458039233106
23088,0.15695069543053683
23089,0.15784595258734982
23090,0.15083948767234268
23095,0.13269153425051722
23097,0.13749118400209262
23098,0.05552097493990287
23099,0.1280172453954622
23100,0.13976471323022685
23101,0.1598150355241999
23102,0.17970620192684728
23103,0.21685225009577622
23105,0.12256405658821187
23106,0.10488480545635125
23108,0.057740890267672165
23109,0.16662687537969928
23110,0.2016908351012773
23111,0.11581977642470333
23112,0.11145918911908867
23113,0.06524200345063896
23114,0.15743236471901254
23115,0.27336522237484107
23116,0.06916450504697848
23118,0.22195608774166814
23119,0.12218850273927385
23120,0.13775290124329173
23122,0.1766435497877238
23123,0.13708237331737744
23124,0.14068001987854215
23125,0.1122783743394745
23126,0.14152565775707962
23128,0.1515672802167833
23129,0.24966343583916623
23131,0.12590313356383506
23132,0.1442011092793513
23133,0.24644310151240742
23134,0.14933002681040927
23135,0.13953376077443355
23136,0.1372264033886957
23137,0.08054327083909872
23139,0.14668436233074364
23142,0.0349089357593094
23143,0.1380742305666145
23146,0.1702145686742083
23147,0.1144087365037663
23148,0.13452664385235097
23149,0.11067625250144
23151,0.1326015919568296
23152,0.14067295418204445
23153,0.346332936769566
23154,0.1243138504993419
23156,0.1505467430902743
23157,0.11672167796238317
23158,0.15168849210817503
23161,0.15224184257845907
23162,0.16130185989739734
23163,0.14632808292478536
23164,0.1846117235158967
23166,0.26029427066843763
23167,0.17584185323787713
23168,0.13973053869632313
23169,0.14763576259477076
23170,0.1281771382106732
23171,0.15128056935712672
23172,0.039715367741751786
23173,0.2122378436782078
23174,0.14007800717046678
23176,0.16003347746111635
23177,0.1113155999346231
23178,0.13894104152630715
23179,0.14693576732709626
23180,0.1353721399591721
23181,0.3286726806978658
23182,0.16381007535864048
23183,0.1216807599443169
23184,0.12541245748147462
23185,0.14887082128751486
23186,0.1300839626250797
23187,0.22479693718381244
23188,0.14817975204781994
23191,0.15014619407586227
23192,0.14693176203616154
23193,0.14480360002038412
23194,0.12773086542086742
23196,0.11419701467639312
23197,0.13030262023968445
23198,0.1269767450062081
23199,0.06534559104978561
23201,0.23506308844630974
23202,0.17604555541576702
23203,0.13519285761847671
23204,0.060874393573809665
23205,0.16653108890988938
23206,0.13180351891542905
23207,0.060783700523311134
23209,0.17032692826766135
23211,0.16228669250683372
23212,0.06668657261328975
23214,0.1323953899697486
23215,0.12224397606054947
23216,0.16006478680156172
23218,0.23278227604612703
23219,0.14430680752981026
23220,0.1558381014428045
23221,0.06312169964163905
23222,0.15402694973246087
23224,0.14696946944648856
23225,0.14234137886999454
23227,0.13198825556614754
23228,0.14770932134943565
23229,0.24596079274394556
23230,0.13732110207873757
23231,0.3333203277590366
23233,0.1736236527978538
23234,0.13824428285465126
23236,0.15445120059558864
23238,0.12429208248509005
23239,0.07919632307983432
23240,0.12793316455926995
23241,0.14525107494478037
23242,0.3613290142830991
23245,0.17103403985827512
23246,0.13028689746541577
23248,0.15576330731512472
23249,0.23702557296334842
23250,0.14853427392740978
23251,0.149257828785304
23254,0.15558097695490075
23255,0.15662657067610883
23257,0.3677600581904248
23258,0.17226906214998203
23259,0.1390225124340916
23260,0.1374099053272605
23262,0.16287920078131407
23264,0.14696257237219837
23267,0.18901853297487428
23270,0.16003565534490158
23271,0.15027110193450116
23273,0.16865591871215105
23274,0.13399282643586405
23275,0.14994482956378102
23276,0.16313752553701857
23277,0.14683461686765217
23278,0.1373264485572028
23280,0.2660862814800355
23282,0.2388020068898088
23283,0.14572985196950308
23284,0.16301557632140481
23286,0.12072100695315487
23287,0.1510304211645732
23288,0.13609078625290627
23289,0.1509671429325922
23291,0.059068987997983755
23293,0.21639129494724993
23294,0.13322323411843218
23295,0.14634538980312795
23297,0.1416785394470859
23298,0.10827190407930032
23299,0.15313468460314208
23304,0.2224774642965944
23305,0.12308570527975211
23306,0.12438358909866207
23307,0.05548124342705272
23309,0.21809907199385978
23310,0.15645895368375615
23311,0.16989519358770716
23313,0.13517701529601928
23314,0.17127433573712897
23315,0.13431418478477636
23318,0.1311843100002603
23319,0.05508731327143292
23320,0.1379453333725992
23321,0.1529358263557448
23322,0.13271527950417097
23323,0.15466810055635755
23325,0.11655334763771621
23326,0.14892756410577201
23328,0.3539197567950082
23332,0.03102635655101202
23333,0.03523412256453517
23334,0.3838191818335853
23335,0.1267785956422006
23336,0.14084404444119603
23338,0.08857165916148133
23339,0.14368550382233483
23340,0.17241755032134737
23343,0.21080596489766187
23344,0.12864358105753776
23346,0.08873108324686928
23347,0.15343430292508417
23348,0.14115773359843908
23349,0.2318524098409889
23351,0.1461339326645237
23352,0.22164862339985103
23353,0.36445322304079925
23354,0.1343143870316445
23356,0.28775690925401004
23357,0.1438148346221708
23359,0.125879457512432
23361,0.16166788465783935
23364,0.15170942846226576
23365,0.1308411141073262
23366,0.2364371692626657
23367,0.1286446322944902
23368,0.1781839543717752
23369,0.17390187707760715
23371,0.1662788851995379
23372,0.1437864074348058
23373,0.16252993617408104
23377,0.1065567514630554
23378,0.14844404086346483
23385,0.13802607443091044
23387,0.06226873809209273
23388,0.20491865042567103
23392,0.06084297305459887
23394,0.32999710250190284
23395,0.16695118830956812
23397,0.2702524081932813
23398,0.05980338089367823
23399,0.14051667794147857
23401,0.16500577001665115
23402,0.13047652623858322
23404,0.16434676053752584
23407,0.23667547116967474
23409,0.1292280970525653
23410,0.15513472205822793
23411,0.051160204208057954
23412,0.14553651875130327
23413,0.08975568685335635
23415,0.15011907704614885
23416,0.1553763630508818
23417,0.12489296909025266
23419,0.12931865471305676
23421,0.08490679700071956
23422,0.1271789772164041
23423,0.14602657155096316
23426,0.13833513876567433
23427,0.13797442449329705
23428,0.12227780793038934
23430,0.1866079890903448
23431,0.13411342067085869
23432,0.13541957973426605
23433,0.13713281508990538
23435,0.05141752640842716
23436,0.12955373894067687
23438,0.15387166883342743
23439,0.06723425240979077
23440,0.13768308594302514
23441,0.06646744658930279
23442,0.1306130770219379
23443,0.18153458812171394
23444,0.14214019331518765
23447,0.06280632474303699
23450,0.15046931554749332
23452,0.1335501353880111
23453,0.1561393875511942
23454,0.12670125103735147
23455,0.05341095117729978
23456,0.06466429793973419
23457,0.18462070199799144
23459,0.12873772864371688
23462,0.14559492020886025
23463,0.20386986245524044
23466,0.13752269818066984
23468,0.15596220988550605
23469,0.14000049355154517
23470,0.13192868789805107
23471,0.21355084470186536
23472,0.24547554070817118
23473,0.15845489182113237
23474,0.22038904140528195
23476,0.14157360925158244
23477,0.11787836989998315
23478,0.15655404950753735
23479,0.2293302092383958
23480,0.16818060252683426
23481,0.1265528620040652
23482,0.12988927691609428
23483,0.21873171752898002
23484,0.14740190800589997
23486,0.13070744518201807
23487,0.1247500867128234
23488,0.1340915778473071
23489,0.13474070406774774
23490,0.26641765508184057
23492,0.1468661083193848
23493,0.032923353449822175
23494,0.25422251491803066
23495,0.3939541767616148
23496,0.16464495949147703
23497,0.13742649358827605
23498,0.10077827892444183
23499,0.12384772976194844
23500,0.13864636270314443
23501,0.05627728543675041
23504,0.19271430954600413
23505,0.11946253370483668
23506,0.12991269717953752
23507,0.2118837014035167
23508,0.15034680707810028
23509,0.10804624619862983
23514,0.1667355629081625
23515,0.05705937718772862
23516,0.059728814490821215
23517,0.25436668393258327
23519,0.23253877553936106
23520,0.12619398330346385
23521,0.14639791187773368
23523,0.11909361916905829
23524,0.15044311016009848
23525,0.13971360103609912
23526,0.13614522958505937
23528,0.13355559473211726
23529,0.13047676952101767
23530,0.14083863443849676
23531,0.16707560100981506
23532,0.033496622572880476
23533,0.0471724405341776
23534,0.039704890993312245
23535,0.12593160378714188
23538,0.10481403945620213
23540,0.0650025099664463
23542,0.04829434062267938
23544,0.16374237794552166
23550,0.25185087900522124
23551,0.22506298328395055
23552,0.1936355969049852
23553,0.129045654117296
23554,0.14357905989709788
23556,0.15476038028326478
23557,0.15873675029824805
23560,0.15230818936410648
23561,0.11863213147533105
23564,0.14144588345528783
23565,0.16806645566998007
23566,0.14805885336167518
23568,0.2389058155146643
23569,0.03477069568908427
23571,0.17837492339226277
23572,0.0546990047345847
23573,0.13419191802564526
23574,0.15135293599315125
23575,0.1341597649086433
23576,0.17262849876378966
23577,0.13964973544183715
23578,0.2148579664946458
23581,0.2316164385471118
23582,0.1429295822405572
23583,0.16118777807455872
23584,0.15925834802230046
23585,0.08796128361434959
23586,0.1518241589499426
23590,0.10175360850143421
23592,0.08066389029869155
23593,0.12986846908253305
23596,0.16410526105737977
23598,0.15106368775698018
23599,0.1204124174135733
23602,0.13136712750727403
23603,0.2615172161573379
23604,0.21674623356707468
23606,0.11210262255309748
23607,0.12190858390476528
23608,0.08267540572079006
23609,0.2308924379998555
23610,0.16740108631560052
23611,0.07809683929555769
23612,0.06097873817803067
23614,0.06569734050657675
23615,0.1269485286380345
23616,0.12938564733114225
23618,0.15473555790918092
23619,0.1334267693195101
23621,0.11007309438630386
23622,0.1427007264722485
23625,0.1392484474734444
23626,0.1422894054717727
23629,0.13282390623583049
23632,0.1462108360805752
23633,0.1468341924923382
23634,0.13439846294975927
23636,0.1428912240448153
23642,0.14910856373741657
23643,0.143938329019116
23645,0.14901620303686935
23646,0.16783957447160675
23647,0.13691838662810013
23649,0.23705453875164303
23651,0.11547904571203527
23652,0.12632619152613245
23653,0.10211189981862177
23654,0.36605480378487504
23655,0.1516740550400395
23656,0.1403167459041594
23659,0.1431944268431923
23661,0.06001324102844395
23662,0.14223424547651978
23663,0.16676124914116594
23664,0.1726004382597995
23665,0.12262192186746378
23666,0.1921910704381752
23667,0.1410852172827899
23668,0.0482655144872854
23669,0.16719882839898542
23670,0.12707754897976734
23671,0.1483203840187772
23673,0.1283803831801911
23674,0.12447701476683265
23675,0.1597669260950976
23676,0.2229912774919086
23679,0.20767181499609344
23680,0.14809543556742008
23681,0.13479837122359925
23684,0.34992238269650305
23686,0.1525617590935741
23687,0.1317953782743031
23688,0.0335345937925211
23689,0.17030199312050187
23692,0.38801732785319054
23693,0.13366574004434423
23694,0.16821264022959434
23696,0.112574900033899
23697,0.1353226805028127
23698,0.14501392259912374
23700,0.114186394228428
23701,0.15960450374077156
23703,0.1847299108640137
23704,0.11793912106409764
23706,0.06657551029628533
23707,0.13058178314571067
23711,0.12253911923570429
23713,0.33269602753639593
23714,0.1556122542511321
23716,0.1242173281302427
23719,0.1578924644609186
23721,0.1415602438712928
23722,0.1388227205442872
23723,0.15943468435455188
23724,0.14266804736280222
23726,0.0393504635851824
23728,0.11713289111485366
23729,0.2677719944857784
23730,0.4022919252267688
23731,0.134897797658451
23733,0.14198413222358494
23735,0.13745689180990844
23736,0.08982077602288062
23737,0.09058230790319408
23738,0.2288496290113343
23740,0.16143807099804866
23742,0.13772941634063574
23743,0.2248826580230502
23744,0.1190101966358049
23745,0.2397621108217551
23748,0.14705345022886404
23749,0.32978349396695816
23751,0.22866375144849607
23752,0.24758787372603297
23753,0.13400713817314996
23754,0.139407576822054
23755,0.07794921409073874
23756,0.12018125685594953
23758,0.14056658872825611
23759,0.24201616681257507
23760,0.13823459584789513
23761,0.2823585577019177
23763,0.06865886207431676
23764,0.23766970736641102
23765,0.1045457179623083
23767,0.10943492451829995
23768,0.13718284084534452
23769,0.12989249779636375
23771,0.16363129594505724
23772,0.12885762898139497
23773,0.07527776409435413
23774,0.26909127938778843
23775,0.054087940577160265
23776,0.09078241734653496
23777,0.032344059857020574
23779,0.10950535913996888
23780,0.08640617841793015
23782,0.11922971486663114
23783,0.12340848188055226
23785,0.215026665784313
23788,0.08441390407618195
23790,0.15533697279902609
23791,0.13770152373939673
23793,0.190520475348966
23794,0.157454941258158
23795,0.13619069872151895
23796,0.12442710909458385
23797,0.13130637578290508
23798,0.026012116379241033
23799,0.12196522882101637
23800,0.20401511689186597
23801,0.13124113564639886
23803,0.1289428888121629
23804,0.07132481111162872
23806,0.11877767202146311
23807,0.16324703713520444
23808,0.05150833926020335
23809,0.13663563444883298
23810,0.20052845646165307
23815,0.18806048006571574
23816,0.1722182888148431
23818,0.12034540128796009
23819,0.3752397151007342
23821,0.15321256672712671
23823,0.1466608030601613
23824,0.15276189848376434
23825,0.1533245209521849
23829,0.14404341315411784
23830,0.16784737188991014
23831,0.045912174828847616
23832,0.13295933124134185
23833,0.24995026305537893
23835,0.12795441046645106
23836,0.12504632654580647
23837,0.14922565377924146
23839,0.079017020239047
23843,0.2265462665834106
23844,0.1454951041654828
23846,0.169247791040931
23847,0.12816823362587357
23848,0.12581069294692654
23852,0.1703180327117483
23853,0.12348272051797093
23854,0.13671870846034592
23856,0.13846166349501154
23858,0.15049971990586825
23859,0.39004151339998916
23861,0.146058162650356
23863,0.1532198829618644
23864,0.14652317175426396
23865,0.15395359757970675
23866,0.13196873100556494
23867,0.12189207283410232
23868,0.1389319151964298
23869,0.03541166702827051
23872,0.13737070293499856
23875,0.11926062739672309
23876,0.14838507026260905
23878,0.1282892020307734
23879,0.13927699948040018
23880,0.24590366602006478
23881,0.15635380027202528
23883,0.1624930887217008
23884,0.12566468287538532
23885,0.16896084410194093
23889,0.2188191890141428
23890,0.13616333160031288
23891,0.13682995286792396
23892,0.16132937667981356
23893,0.19220228080051538
23894,0.1475003852914421
23895,0.11955717478642258
23896,0.08348520577134523
23897,0.1380488185345291
23898,0.15930841065734302
23899,0.06146972353354477
23900,0.09132808669421126
23901,0.16441818013537823
23904,0.14960866941464143
23906,0.2451584329269352
23908,0.14501773338243065
23909,0.1498279980195425
23910,0.20753545606126264
23911,0.16136193402045315
23912,0.14732758886134145
23913,0.1679626691001966
23914,0.2476882819384807
23915,0.1496755141649825
23916,0.14234756331364393
23917,0.1575514455316743
23918,0.10814863086770429
23919,0.2333454598152247
23920,0.12989258395542316
23921,0.139116290735362
23922,0.22257696176335423
23923,0.21938497271517943
23924,0.14781647493241673
23926,0.14007801639818532
23928,0.24281159452142095
23929,0.25731187762293883
23930,0.1505499421990022
23931,0.05764330346206796
23932,0.1225418581736303
23933,0.12901139210828938
23935,0.16591200321176391
23936,0.12728307369057393
23937,0.1205247069435638
23938,0.2573233531644595
23939,0.13732236933440212
23940,0.34844994756887426
23941,0.13266100504274678
23942,0.13358679814413305
23943,0.038338623303317894
23945,0.14151380796761978
23946,0.12248783867379474
23947,0.13728816480581005
23948,0.34191226269536024
23949,0.17812656629350357
23950,0.1293239635257271
23951,0.12415198061153214
23953,0.1596682550103743
23955,0.06362679406218144
23956,0.15467054806284483
23957,0.23497188286069953
23958,0.14264457288041002
23959,0.35498132040439945
23960,0.1259382047439833
23961,0.14521495753258667
23962,0.09500341266620656
23963,0.1512052485112524
23965,0.1484336940440643
23966,0.03485158322150868
23967,0.15496582634425576
23968,0.1025385569386057
23969,0.12028920938879437
23970,0.2839809387091257
23971,0.13956752969754224
23972,0.2542179971472654
23973,0.1488326356113793
23974,0.18177513485300056
23975,0.05590403350756472
23977,0.12761320683199767
23978,0.1222920376983977
23979,0.11438051871697069
23980,0.1203685898063887
23981,0.11829930813052096
23982,0.1450915732639733
23983,0.05553004774449458
23984,0.0505637755101696
23985,0.14925307296532977
23987,0.27004529854892134
23989,0.15050338166830277
23990,0.25621982124405923
23991,0.24798299149039482
23992,0.13051449379129867
23993,0.15411857768335713
23994,0.1300720885884673
23995,0.2733321910787696
23996,0.2309553721956094
23998,0.15036959105858233
23999,0.08550891617752526
24000,0.12449055824859395
24001,0.2234099483624908
24002,0.18542374857207392
24003,0.12049200072985142
24004,0.05597202638590426
24005,0.16451454695703133
24006,0.12982116188302362
24007,0.13695038758318354
24008,0.12893129317367663
24010,0.1670611019401681
24012,0.11980887846354181
24014,0.23955548410932023
24015,0.32909807321323215
24016,0.35188513191293097
24018,0.11356317194635138
24019,0.15329128758411859
24020,0.23055648213946808
24021,0.1393094182131683
24022,0.21840470528793235
24024,0.15592771788527263
24026,0.17381741637355297
24028,0.14462485448806706
24029,0.15813829605560384
24030,0.16716595973633905
24031,0.16446977931304455
24033,0.05629368623867762
24034,0.3958437493636133
24035,0.23475246925143864
24036,0.1440873378702631
24038,0.14190469912544548
24039,0.1618451688407436
24040,0.05707431010432215
24041,0.13024212553749237
24043,0.24220874621728605
24045,0.2721823118705889
24046,0.1407015395634114
24047,0.15143125591599366
24048,0.2413504856116565
24049,0.23906805281848306
24050,0.3976254806762887
24053,0.03620690466789668
24054,0.04076689690666267
24055,0.14349484866696205
24057,0.15521024127720176
24059,0.15418297721336344
24060,0.1505935278458344
24061,0.15109783171354238
24062,0.1654107484915562
24063,0.20426863756061192
24064,0.3593393678284121
24065,0.22483393818346814
24066,0.12778508856690612
24067,0.057843585473569555
24068,0.15878056120427755
24070,0.19368325071181644
24071,0.12065594096645793
24072,0.25330987606471833
24073,0.05544879545204862
24076,0.1341059153982667
24077,0.11846735458358278
24078,0.1246946902039579
24079,0.12633252015685575
24080,0.1309953758253005
24081,0.15342787475831082
24082,0.05663297691494817
24083,0.10293018888206384
24085,0.15032915665294758
24086,0.11348221271601645
24087,0.1540650670571872
24088,0.16493891386042667
24089,0.12893392180333718
24090,0.3925497056483716
24092,0.12891812837341726
24093,0.1543260368623364
24094,0.03818065903715995
24096,0.1384302658248292
24097,0.16890178323216615
24098,0.15102145162939407
24099,0.13032524685881872
24100,0.16220143037571652
24101,0.13770257523423254
24102,0.22645592823220412
24103,0.14698958255920339
24104,0.12025847993945532
24105,0.13452722452619165
24106,0.1619122445033371
24107,0.1674200273134015
24108,0.11497185669278534
24109,0.14939051600622086
24110,0.05684712955501083
24111,0.14196951731011173
24112,0.14385444107708117
24113,0.05833616128399096
24114,0.13117486191707053
24115,0.15791905282182864
24116,0.07141351717715826
24117,0.15664560606275832
24118,0.13289244835881334
24119,0.3283140032641317
24120,0.09649218597994709
24122,0.05646785455118727
24123,0.14750172104359502
24124,0.12994534547750797
24126,0.15997887961479573
24127,0.2505575370837062
24128,0.3354211880114819
24129,0.1443898544273524
24130,0.15538408145239993
24131,0.041855355674813265
24132,0.3670419336752167
24133,0.052701410764537486
24135,0.13662286630984888
24136,0.09909982942488667
24137,0.1329721204539712
24138,0.24069084207709562
24139,0.1357949463738821
24140,0.14029117996727705
24141,0.06382225818651695
24143,0.1631473741805928
24144,0.11076239885659082
24145,0.1389269905298489
24146,0.056436964183899485
24147,0.16527302289402782
24148,0.21266708270044793
24149,0.12324711802540499
24150,0.169081520697371
24151,0.1465701453809066
24152,0.19595352227318344
24153,0.1372087385547629
24154,0.16463217697989146
24155,0.126093000740682
24156,0.13242716576713073
24157,0.14040975187974677
24158,0.230558083196657
24159,0.24406013740320476
24160,0.19951865396721571
24161,0.13089654127296105
24162,0.061670841474758466
24163,0.14399785821153635
24166,0.39421211339588164
24167,0.1310463161562327
24168,0.23381561881594093
24169,0.17946869756158768
24172,0.16706620254124557
24173,0.14632532084899047
24174,0.06959761291073696
24177,0.061291592957935646
24178,0.3633032009913587
24180,0.3467863697435148
24181,0.1590645475807918
24182,0.13179596619386083
24183,0.15588721567271577
24184,0.15564633403103983
24185,0.06642785638331433
24187,0.1538066719038966
24189,0.15959814373528342
24190,0.34678110440104537
24191,0.17857485582348437
24193,0.059607654786521434
24195,0.262402591445558
24196,0.15804183596181767
24198,0.14326329119343562
24200,0.37444946383542593
24201,0.1321712091729642
24203,0.1439324350781535
24204,0.1703787462458875
24206,0.1517348687372746
24207,0.24516886644074617
24208,0.1306687648555585
24209,0.14327261646877038
24210,0.13064977859906676
24212,0.12045424594818224
24213,0.1571244717124005
24214,0.1609478286733486
24215,0.17971127841323706
24216,0.22876770381469375
24219,0.11988740309597576
24220,0.1580900791628503
24223,0.23498246408094026
24224,0.13356388831733906
24225,0.14000120968248794
24226,0.22396860880416194
24227,0.1161826874281664
24228,0.11510564494640473
24229,0.1284420437027448
24230,0.1307657889817451
24231,0.23217971671979376
24232,0.05939537779899601
24233,0.12580498128402007
24234,0.14008332813138483
24235,0.0821629987978654
24236,0.32632589942578893
24237,0.1299336186586675
24239,0.1496364319019149
24241,0.11527284687051119
24242,0.07375243102155338
24244,0.11850213197008728
24245,0.2634448114623434
24246,0.14634514147312494
24248,0.15741753751306053
24249,0.1486011652648745
24250,0.2036146365140625
24251,0.11096264777184203
24252,0.11446318739860732
24253,0.1381191084735855
24255,0.27967736890573003
24257,0.13602173401241152
24259,0.11867201069198077
24260,0.13268112335737217
24261,0.1476510331629946
24263,0.1250985161396334
24264,0.12320335428997282
24265,0.13618628502471444
24266,0.15223142376670262
24267,0.1432505252389512
24268,0.33134385312166575
24270,0.1440256746816448
24271,0.17299766692520202
24272,0.06585243333662916
24274,0.21771558775365307
24275,0.14567190760024512
24277,0.15778309065802937
24278,0.07047134702616939
24280,0.12863928439826489
24281,0.1382914678818087
24283,0.152541081478776
24286,0.15400452557996133
24287,0.1525440477102208
24288,0.15099175200738715
24289,0.12127091166870227
24291,0.14295259295157373
24292,0.2186404643831914
24293,0.03746212107316708
24295,0.12440462732845965
24296,0.13490025816878223
24297,0.22493304727624797
24298,0.1583581030528113
24299,0.17657282898866256
24300,0.1354732039138134
24301,0.12755988046202085
24302,0.14846496629007364
24303,0.36875554957937917
24304,0.2516114982236265
24305,0.149736497532051
24306,0.16045081147646564
24307,0.12690376349758675
24308,0.17084980091600294
24309,0.05680350558803965
24310,0.15184661150970424
24311,0.14223649897360846
24312,0.14307924884467907
24313,0.13499799583141564
24314,0.1417512575832428
24315,0.09601763357097179
24316,0.10908373698160191
24318,0.060913081587428204
24319,0.2491500135344431
24320,0.14969102170529142
24321,0.12640808116267635
24322,0.2850063596940087
24323,0.258414891646763
24324,0.14076823773043337
24325,0.3731628452525936
24327,0.15526811064032392
24329,0.2658262304483133
24330,0.16677745785290857
24331,0.1538490502531706
24332,0.1551429089814105
24333,0.3635596509937795
24334,0.12564059878295064
24335,0.21515035190545115
24338,0.1431775208647089
24339,0.058722899637576466
24340,0.14441744140752957
24343,0.3614976765865228
24344,0.05422052895515877
24345,0.14533074921566644
24346,0.13672988124936009
24348,0.2592250281308451
24349,0.14639222550142006
24351,0.12145377453971236
24352,0.24105115355246412
24353,0.11937931533499851
24354,0.3481843564016768
24355,0.1579263495478676
24356,0.14844692811169408
24357,0.13613154927507956
24358,0.2425991978993069
24359,0.1322467443046305
24361,0.1435734144996516
24362,0.10165134423304222
24363,0.06716563089877374
24364,0.12734278967704632
24365,0.25167135966671433
24367,0.1603297717908827
24368,0.03144871020452828
24369,0.1306731041923113
24372,0.14804455539482703
24373,0.1303874039856647
24374,0.12872269237522543
24375,0.1254941193962547
24377,0.23700712914051686
24378,0.1132885627952836
24379,0.3524604405276806
24380,0.1226958151391823
24381,0.1545875561970357
24382,0.12689740974297145
24383,0.15022621512362896
24384,0.06180485248500298
24385,0.11282362385331732
24386,0.07670549483915515
24387,0.15934661369780317
24388,0.144977107020137
24389,0.12194042336941488
24390,0.06812068863145643
24392,0.12066479175310173
24394,0.15612085896288544
24395,0.2775187875009806
24396,0.37487749726094116
24398,0.1660447665272962
24399,0.04987892192874253
24400,0.06743378104853767
24401,0.1205854825128968
24402,0.12855445240989943
24403,0.12450125065667077
24404,0.1385805637444764
24405,0.1730054701959669
24406,0.25579963824821916
24407,0.14987278787828456
24408,0.15172405224846996
24409,0.1548358039331939
24410,0.05549893380019125
24411,0.11038748374182925
24412,0.06457765169684516
24413,0.05870818218587477
24414,0.14243960076937823
24416,0.2467568021327443
24417,0.15156609923835215
24419,0.13585908107475428
24420,0.12368439445160195
24421,0.08830269862110764
24422,0.12696842613298873
24425,0.2548292539914284
24426,0.06662626930895413
24427,0.2231673367484943
24429,0.1731591836488269
24432,0.12858798486836195
24433,0.13963747156399764
24434,0.14256379589444768
24435,0.35938114251109393
24436,0.15497387120219014
24437,0.14085709758580262
24439,0.13387335432272096
24440,0.14356990960062888
24441,0.16905301921976013
24442,0.20486488391390065
24443,0.11802081712960232
24444,0.13891976874720124
24445,0.1448970876903923
24446,0.12328893425876607
24447,0.23984292963332807
24449,0.13917620934541491
24450,0.13729895745470028
24451,0.1560959100929494
24452,0.14372059497221318
24453,0.15850859166137868
24454,0.06139166777915247
24456,0.17724277864602192
24457,0.12837155274521117
24458,0.14202503194563418
24459,0.05342859426775661
24460,0.13571850757238138
24461,0.14559302255766227
24462,0.1292586585159654
24464,0.174745453347947
24465,0.06835754011749155
24466,0.1269797809686277
24467,0.14242110941618685
24468,0.1585466534913257
24469,0.14749311947986782
24474,0.14606246238302034
24475,0.05705705357670267
24476,0.15499711516125148
24477,0.17775800230451297
24478,0.2805041409168553
24480,0.15549667962325972
24481,0.12409358975778696
24483,0.1056001770537484
24484,0.14793413714286907
24485,0.1773712468242961
24486,0.2567578292132313
24487,0.14177172951476716
24488,0.13579025490715754
24489,0.14959285759516483
24491,0.14935261362964924
24492,0.1974397266483737
24494,0.04339470384879787
24496,0.14462806670017722
24497,0.1602338419910309
24499,0.12172278749338242
24501,0.14763369169336604
24502,0.23669291549233915
24503,0.35184809726037225
24504,0.2646987300481586
24505,0.2134004349327624
24506,0.15705678946645926
24507,0.14363219985043177
24508,0.09681398645091793
24509,0.15191863528041338
24510,0.16214137947541107
24511,0.2165726607159134
24512,0.06427046670671227
24513,0.1597113944716277
24514,0.1445824145974745
24515,0.13146263101602004
24517,0.24911093106985682
24518,0.07439877735811866
24520,0.06343014922868694
24521,0.07009563137003738
24523,0.15206278485884617
24524,0.05878446709472979
24526,0.1305496705560817
24527,0.1458904660439017
24528,0.12696160795799213
24530,0.14279035265274312
24531,0.18425370320955514
24532,0.24903478835661613
24533,0.1724451915141124
24534,0.14816838301169621
24535,0.22533131746191165
24536,0.16091877113624178
24538,0.14900981840967104
24539,0.13379061730526307
24540,0.2668781826976567
24541,0.14548135099357404
24543,0.1589204650720764
24544,0.1490049864571915
24546,0.1429803653471597
24547,0.21309719588192472
24548,0.14551014704353718
24549,0.1602507820813806
24550,0.3831193034219091
24551,0.15030230164671132
24552,0.16988864874149517
24554,0.25415176951775453
24555,0.2492778209810761
24556,0.13693299225964378
24558,0.2176372345448971
24559,0.37208561457620437
24560,0.14619614374387416
24561,0.1325769096332175
24562,0.2408266101280658
24563,0.1895470397310505
24564,0.14365664401074116
24567,0.14642582159252093
24568,0.12151243951895524
24569,0.19667645481855753
24570,0.16010867088434264
24571,0.14523029872726967
24572,0.3361014567648177
24573,0.2683152902765836
24575,0.25628136066669416
24576,0.1563746175485859
24577,0.15471581903429368
24578,0.28229774726767926
24579,0.10638968947729455
24581,0.1395003807893596
24582,0.13802827019926933
24583,0.12046235476064737
24587,0.14123781789566256
24588,0.14570901175048898
24589,0.16901513770117527
24591,0.15219425557135485
24592,0.06517572940381575
24593,0.13029693751082036
24594,0.15796599727011426
24595,0.24729633125775863
24596,0.14013627337372958
24597,0.13155224284490052
24599,0.11460223649746594
24600,0.15129490078599558
24601,0.147286135101195
24603,0.3921570432682932
24604,0.1649732210958009
24605,0.13418120581588197
24608,0.13882733113876589
24609,0.16052687015605532
24610,0.0980172387538892
24613,0.14963593921048202
24614,0.15247958264865447
24615,0.13107208940046858
24616,0.06387482599773112
24618,0.23080693765081656
24619,0.15681385163975733
24620,0.15029448733381343
24621,0.1192254963870287
24622,0.16093450065787013
24623,0.1551184904993383
24624,0.17007802887161688
24625,0.17374864924040398
24628,0.16378193330821555
24629,0.1386207020022613
24630,0.2023909282868852
24631,0.24792809193488102
24632,0.2251417857974085
24633,0.1328475353809281
24634,0.19919256109886588
24635,0.16325004428778708
24636,0.15222968712472223
24637,0.22860987579322498
24638,0.055054265989895095
24639,0.14331474576932718
24640,0.1502165170702548
24641,0.12543095992262657
24642,0.05693089312394244
24643,0.12941169514957213
24644,0.12463257668656105
24645,0.11066946310602169
24646,0.1398631523722964
24647,0.12743920313681678
24648,0.24307231203617216
24649,0.14477042830120077
24650,0.08880212583440972
24651,0.12888138851605432
24652,0.10133680371131502
24653,0.3892151826688456
24654,0.262227379474215
24655,0.17864106359191606
24656,0.13952848834642956
24657,0.14217930979871515
24658,0.0515579483072227
24659,0.14089881109384786
24660,0.14639850218969133
24661,0.3300246177186838
24662,0.14255478552474335
24663,0.25987168713873343
24664,0.14391069497916067
24665,0.13954494731622574
24666,0.14616417813045912
24667,0.12898019283938342
24668,0.17264983025020209
24669,0.14157009427848113
24670,0.38529996383718706
24671,0.14968435572707445
24672,0.4153116157540478
24673,0.1435729423053131
24674,0.13498139501953685
24675,0.1510311885683225
24676,0.1265252702515776
24677,0.27248341000941895
24678,0.12184102118501587
24679,0.1439443259644687
24680,0.13569778919332295
24681,0.15071099620017234
24682,0.11778360356985686
24683,0.17056267586392904
24684,0.2576862798711754
24685,0.14137978890737785
24686,0.16749430002216525
24687,0.16302832219885946
24688,0.12343149888500614
24689,0.123769579856755
24690,0.14114588839408274
24691,0.14535002373728614
24692,0.08964612680466248
24693,0.1566249060539211
24694,0.128392168460728
24695,0.22593665597206128
24696,0.16466251814595048
24697,0.15299138296529136
24698,0.1532461952912595
24699,0.10054343715598434
24700,0.04682420369781675
24701,0.15884665476675214
24702,0.39198606130418717
24703,0.12608074534037952
24704,0.12629127133095075
24705,0.24582303255210278
24706,0.1603393799785711
24707,0.11480277521768485
24708,0.1277724688520012
24709,0.13636991023168493
24710,0.1371638486491894
24711,0.1680854273413172
24712,0.16175602839387537
24713,0.1486600820969531
24714,0.3405217791467026
24715,0.051931859692459774
24716,0.07816405521553933
24717,0.1563435383823709
24718,0.1488089534127632
24719,0.13027464954717857
24720,0.20506181941355464
24721,0.18046747503633812
24722,0.14312272729630202
24723,0.1384539978779501
24724,0.0855580976983094
24725,0.36518199977357185
24726,0.15962540383547547
24727,0.14123709001018583
24728,0.11681154208388018
24729,0.16161744454718105
24730,0.1605241106667949
24731,0.136653451045493
24732,0.36275132121149223
24733,0.12159659175958398
24734,0.14412360903220392
24735,0.1199349008503335
24736,0.3735904012831424
24737,0.3487513180564122
24738,0.2168137704779941
24739,0.18486988049640085
24740,0.13889198020437363
24741,0.18238335104315023
24742,0.1459539044034654
24743,0.06686240463653824
24744,0.14074892964526578
24745,0.12918652091343805
24746,0.1789526279869006
24747,0.1249789999334891
24748,0.16916527407738183
24749,0.17163593737669935
24750,0.04053446686014827
24751,0.1348632259092895
24752,0.13303744564083936
24753,0.13140655985109195
24754,0.28146409861249905
24755,0.3819774177919157
24756,0.18288525543686412
24757,0.2618603016605161
24758,0.0629200453764593
24759,0.15643882510485996
24760,0.12240020596184376
24761,0.1601939942485649
24762,0.1355945840457476
24763,0.03997874408516156
24764,0.13768232175748274
24765,0.12669216265637573
24766,0.15199707087401662
24767,0.15359640261713764
24768,0.1572396480742802
24769,0.14708029551775348
24770,0.1502589831484607
24771,0.16512178651368198
24772,0.1928367103007622
24773,0.10155388545830586
24774,0.14754629802092517
24775,0.22940712500791857
24776,0.17877465380003568
24777,0.10552594738405938
24778,0.1378594666602722
24779,0.13801717418993237
24780,0.1754186597352641
24781,0.12046995419000771
24782,0.0723518205282532
24783,0.13743971986894926
24784,0.29280075066030664
24785,0.1335404324654119
24786,0.13456428993446065
24787,0.1204369053944575
24788,0.3838508678366881
24789,0.1270302156414563
24790,0.18493465695886718
24791,0.1661323994391351
24792,0.1738484711124473
24793,0.14413361506404435
24794,0.21673709285773587
24795,0.3327767182813748
24796,0.09750528915799814
24797,0.15182787244066562
24798,0.1273421556190882
24799,0.15325576981250089
24800,0.3350073877838519
24801,0.35789596863838435
24802,0.3524077944486072
24803,0.12203941340240453
24804,0.13312217112192387
24805,0.1602240470048416
24806,0.13707724743060348
24807,0.14075734477078353
24808,0.11016334434406856
24809,0.24785361970601227
24810,0.35958716190858386
24811,0.38220145904140346
24812,0.13622145799559673
24813,0.1226543886458538
24814,0.1304458209608491
24815,0.14612874264903608
24816,0.14117749162354293
24817,0.1371619899148191
24818,0.11003892004052751
24819,0.14633218442256862
24820,0.051105653622811636
24821,0.3733796024914314
24822,0.11910082608535011
24823,0.23924261612222858
24824,0.1418336711083371
24825,0.19881817271919833
24826,0.12298051267508824
24827,0.24546237961099138
24828,0.17553784616641388
24829,0.12834695901075918
24830,0.12904776283338448
24831,0.17661842315565202
24832,0.11744289515162336
24833,0.13823334654724298
24834,0.14384618699146412
24835,0.10743053794053083
24836,0.1563078477916103
24837,0.2285409967336729
24838,0.13751167409870482
24839,0.36270016145496603
24840,0.13948948244434972
24841,0.14919664317520803
24842,0.036851030879423284
24843,0.14135909575858813
24844,0.14983364274019254
24845,0.0573990672857981
24846,0.12926270667765932
24847,0.2745532693530864
24848,0.16911385634618942
24849,0.16583931387276782
24850,0.12313373810602166
24851,0.14610781555329033
24852,0.13383223326063498
24853,0.1455499703511273
24854,0.13827116895207367
24855,0.05636499962883499
24856,0.12655530674273405
24857,0.37204056574882205
24858,0.07998599023750273
24859,0.39222294143020525
24860,0.33327370784799715
24861,0.1410841065790229
24862,0.17766047291357798
24863,0.21156849318892706
24864,0.3793572074068527
24865,0.043297992863468186
24866,0.1449309459628295
24867,0.2221444284748169
24868,0.12596816335826028
24869,0.17141100923389369
24870,0.1474460764776376
24871,0.15341402421778833
24872,0.13226158975776875
24873,0.172478731585738
24874,0.15458171301144882
24875,0.22474021435679664
24876,0.15038949675142568
24877,0.14861712338504143
24878,0.3322915596617571
24879,0.12388268875377134
24880,0.05997662650569059
24881,0.14887706679199422
24882,0.13579369152198625
24883,0.2504585502986811
24884,0.17005833650438
24885,0.15816765560985338
24886,0.16458358358862932
24887,0.11783022228985794
24888,0.12513503748765045
24889,0.1388150795093237
24890,0.34448947975934774
24891,0.1469676521125188
24892,0.24503467757253264
24893,0.06925108343366469
24894,0.1642938410553451
24895,0.1400350586820462
24896,0.17161335059155022
24897,0.06299662694567396
24898,0.31932097821383854
24899,0.15789854650747592
24900,0.0630591557162746
24901,0.25079550224453473
24902,0.12375522238293014
24903,0.1486313136064542
24904,0.06280842067189431
24905,0.15014694390710714
24906,0.10913636453775269
24907,0.1397634152268859
24908,0.21994658965885736
24909,0.13917118031136716
24910,0.13814304902604435
24911,0.17478525556701566
24912,0.06865953980865651
24913,0.15072053134789698
24914,0.06397607631294717
24915,0.13565284291111385
24916,0.052133354260333144
24917,0.1544224799593213
24918,0.08160153106741481
24919,0.1786137348386963
24920,0.14039878118062357
24921,0.13599656441831706
24922,0.11426227448614984
24923,0.2415517539961285
24924,0.20426778470079632
24925,0.14254114435890838
24926,0.031043868890222488
24927,0.24952332699611393
24928,0.15430681744562208
24929,0.37110015584514316
24930,0.2411367177978317
24931,0.3282542549684125
24932,0.1359394613427637
24933,0.17766249334229214
24934,0.13738513549579093
24935,0.14720498578671046
24936,0.37145060225101506
24937,0.16988137458459032
24938,0.14637476248653575
24939,0.20931895137645268
24940,0.15948110502138804
24941,0.14609718956954945
24942,0.19048127700518533
24943,0.054591721259299786
24944,0.2733134773606946
24945,0.3750688008200364
24946,0.22459205636256416
24947,0.39081384183956247
24948,0.12729658368816593
24949,0.12243744524951254
24950,0.1197282250859776
24951,0.3450162887336865
24952,0.07018160710124019
24953,0.18120462896752987
24954,0.16604710884531998
24955,0.1410341301816549
24956,0.15347519312078986
24957,0.14752120904708324
24958,0.05666979986987343
24959,0.11675296225895233
24960,0.16284292347148455
24961,0.12491081330800675
24962,0.3519045952862307
24963,0.15711924449858733
24964,0.1495005186670081
24965,0.17032959351972682
24966,0.14178625776616932
24967,0.048156969479913395
24968,0.3162553132559554
24969,0.11054503967937303
24970,0.23913472051504536
24971,0.16575293211828174
24972,0.08439390484843937
24973,0.14685332997801068
24974,0.3534458297702009
24975,0.1494290362734293
24976,0.24210310657839496
24977,0.13202472267633486
24978,0.17954291783575307
24979,0.12970309071572103
24980,0.052324624852783955
24981,0.14930714587885585
24982,0.2792443739381163
24983,0.1499400684861213
24984,0.17598740928962056
24985,0.14688765202506593
24986,0.12465358132457915
24987,0.17591341330965202
24988,0.15325061661106396
24989,0.2225298990770224
24990,0.15126946128630067
24991,0.24267481614752998
24992,0.2148422309481674
24993,0.23574655126066307
24994,0.12105717005668448
24995,0.13632241282354715
24996,0.054614133607887236
24997,0.13858852085804346
24998,0.1583433174259391
24999,0.14932756631909302
25000,0.14831204165952716
25001,0.13550155256244326
25002,0.15409084221640246
25003,0.16475775091161582
25004,0.17966855420813824
25005,0.12082440211391779
25006,0.15466422556503898
25007,0.041728907618768775
25008,0.14867161319198155
25009,0.16183558803058673
25010,0.15162353179416563
25011,0.1362679218437837
25012,0.056640550014194775
25013,0.16670970604793364
25014,0.14014189059710289
25015,0.1606237435036053
25016,0.23319486430774242
25017,0.36165547863256897
25018,0.14428986772662447
25019,0.13105580526965366
25020,0.21461547038657655
25021,0.15259461729990512
25022,0.15350275696367055
25023,0.13380284451368615
25024,0.16723475674226815
25025,0.16503910482456283
25026,0.36635261293697213
25027,0.14869850932175221
25028,0.05818861405284885
25029,0.16534976428459913
25030,0.15778753146089694
25031,0.39337498989486674
25032,0.060640027766839195
25033,0.14061950198039036
25034,0.20238292039914316
25035,0.13136773309655855
25036,0.1091499659078745
25037,0.3896891394598389
25038,0.13333138845455741
25039,0.3635915243039867
25040,0.09235836687353292
25041,0.2853360322940141
25042,0.18103394915289936
25043,0.1344577908384641
25044,0.16172556335511448
25045,0.1399845196500499
25046,0.3283381302809387
25047,0.06247531179434537
25048,0.23017744320025985
25049,0.3744956587801492
25050,0.2359366479722392
25051,0.1465187657740726
25052,0.1488558860825553
25053,0.053751054350707546
25054,0.23721328006796621
25055,0.16855994629872512
25056,0.16500271355050608
25057,0.1473563411366701
25058,0.13632301703323532
25059,0.16565698353766492
25060,0.27663222899700873
25061,0.12639319462650264
25062,0.1517605369115178
25063,0.3432834888068273
25064,0.24148326792692928
25065,0.05481686584914891
25066,0.17095358473209468
25067,0.1191361083877828
25068,0.16811256233331598
25069,0.14793116188826158
25070,0.3591361353288339
25071,0.1349289950944314
25072,0.14713410212639663
25073,0.35135243515023734
25074,0.152542669364021
25075,0.16246583025984254
25076,0.1503314370974513
25077,0.1586158079853746
25078,0.10688724461772228
25079,0.15952470714242975
25080,0.37387991350506555
25081,0.13818900270572496
25082,0.217494141179496
25083,0.13349693747664643
25084,0.16789611519940256
25085,0.2972887271353648
25086,0.16291958113571214
25087,0.35793439497963425
25088,0.135163543395785
25089,0.20909368935388084
25090,0.10730744630282722
25091,0.3410017195557111
25092,0.2228896874884144
25093,0.33105025617840783
25094,0.26135674938334796
25095,0.167891882005196
25096,0.1398412891574861
25097,0.32016612019829416
25098,0.24624768802445254
25099,0.19963403655017617
25100,0.2659644211555526
25101,0.1319841678017723
25102,0.238669288595482
25103,0.1903101082043829
25104,0.1496277090389904
25105,0.1254292008336232
25106,0.11435696079564128
25107,0.1477217368176264
25108,0.3669222454193579
25109,0.12627537145468534
25110,0.15018862745673642
25111,0.14646620185688666
25112,0.17259783489934621
25113,0.23725968905074735
25114,0.1726209065935129
25115,0.2530044481704863
25116,0.22463036202188014
25117,0.13173515292477583
25118,0.1266705811188417
25119,0.14531794310293775
25120,0.07643858573038168
25121,0.10522845725200845
25122,0.24989988161039497
25123,0.17512929445665543
25124,0.16801383485355392
25125,0.15608948596149316
25126,0.2508182588360765
25127,0.22410249896767986
25128,0.4070228189890024
25129,0.15013812006439606
25130,0.15281738040432485
25131,0.14049340546162833
25132,0.12647035867156717
25133,0.15664974648906738
25134,0.05927095289524317
25135,0.13630461892876952
25136,0.14798079259177974
25137,0.12519245254346925
25138,0.15159356722823233
25139,0.12863768725463015
25140,0.12810199828276253
25141,0.16813794981374133
25142,0.14002245491595486
25143,0.04120530285629839
25144,0.12997495210701304
25145,0.1567539730457574
25146,0.21207026780017318
25147,0.167664223308192
25148,0.23396627563290726
25149,0.24831618542567757
25150,0.12663599992186778
25151,0.13461130143314456
25152,0.07948927385217441
25153,0.135399968891867
25154,0.35981299080448187
25155,0.14497873422245128
25156,0.1478675687557109
25157,0.12756126681640345
25158,0.12008449135764852
25159,0.16005442738042855
25160,0.14871117462183442
25161,0.18076534980323675
25162,0.13685121518408472
25163,0.13666617939321535
25164,0.140517431059355
25165,0.11571881714159789
25166,0.062054571199087215
25167,0.17628895633394456
25168,0.21172903250787806
25169,0.041924484244565005
25170,0.15442041794371938
25171,0.16706886587778638
25172,0.15986797219929672
25173,0.06889146862287002
25174,0.17425203485949176
25175,0.16495230092666477
25176,0.07121773589486555
25177,0.15202603591887162
25178,0.12744883715193636
25179,0.14642557022803954
25180,0.14473799868514478
25181,0.11098121659848628
25182,0.32787385699473637
25183,0.14272865672409704
25184,0.13106653993907144
25185,0.1369571811677879
25186,0.15026153669225373
25187,0.125329790372403
25188,0.15651678052597695
25189,0.1327101630610116
25190,0.1687123570790403
25191,0.28384562086886095
25192,0.40371378329449564
25193,0.16960832302177986
25194,0.15190810889938097
25195,0.3325580775014476
25196,0.14153012430379766
25197,0.13634412007745592
25198,0.05419638395589287
25199,0.26591665921853697
25200,0.1355895103653399
25201,0.3433951126009371
25202,0.11572927725667785
25203,0.11588222795506692
25204,0.11686597155878486
25205,0.23649944517705795
25206,0.11939206410585375
25207,0.12812562112038356
25208,0.1323980510729799
25209,0.22179796711930472
25210,0.15480555178885966
25211,0.09445395191742513
25212,0.35401172244414686
25213,0.11299958785711102
25214,0.13570960804194482
25215,0.1344462288124045
25216,0.2338301072308285
25217,0.2057085893321641
25218,0.13524121716365906
25219,0.14670556567733609
25220,0.156432446335743
25221,0.2623099399658948
25222,0.15193412104031734
25223,0.14156764817350653
25224,0.14404390752842366
25225,0.17533549673647125
25226,0.3266276878703971
25227,0.14147778062667787
25228,0.180496932460788
25229,0.14836214924036337
25230,0.16508288745305744
25231,0.1320042865627597
25232,0.10683164581010722
25233,0.16039929955803361
25234,0.3488198304032078
25235,0.14265437815224774
25236,0.15877845793366718
25237,0.3302527549698772
25238,0.2545331532775071
25239,0.14813783011935167
25240,0.34352005183520845
25241,0.14070198170082432
25242,0.10645454421145302
25243,0.1325417154963389
25244,0.36900420279304147
25245,0.14414038089937484
25246,0.15171926360663468
25247,0.19211315924590278
25248,0.034171976200328746
25249,0.15771461117209654
25250,0.13355001300204902
25251,0.13456714513776305
25252,0.2071791675823398
25253,0.06263318867007486
25254,0.1566500678462367
25255,0.2344451925204105
25256,0.14264738470036456
25257,0.09598322864489374
25258,0.14117078940847913
25259,0.14286333854417885
25260,0.24504328956703128
25261,0.2698138658124308
25262,0.16446463521925944
25263,0.14959928084849572
25264,0.1259143882311505
25265,0.13786926606887892
25266,0.12872657809273091
25267,0.14088093865749748
25268,0.1229614308158012
25269,0.22122921578031957
25270,0.11972998706176309
25271,0.03618628260687802
25272,0.12163738922585111
25273,0.34339571400622027
25274,0.10845081435819054
25275,0.23606040579837226
25276,0.13448987389260758
25277,0.12579341381253814
25278,0.22727877368965957
25279,0.14965344746976347
25280,0.3503660280265228
25281,0.23251274194932697
25282,0.16737571850107055
25283,0.20325454102373344
25284,0.20855887460377798
25285,0.1590412077131671
25286,0.1489462917911495
25287,0.08053589688867363
25288,0.14294134182575977
25289,0.15949540434005738
25290,0.1578232342175607
25291,0.15409548653907734
25292,0.14672945792946024
25293,0.23715413068886795
25294,0.27387745776924133
25295,0.1468139099155056
25296,0.1403464392223253
25297,0.15010098228079122
25298,0.060927788832379676
25299,0.15783250793829942
25300,0.06359148125332784
25301,0.14619656363600564
25302,0.1415164738722625
25303,0.16455343601663872
25304,0.1663471922065152
25305,0.2706692189629498
25306,0.15543721736778354
25307,0.1353403244947063
25308,0.11798098760952042
25309,0.13386732360274392
25310,0.11782586623032687
25311,0.1898147749693604
25312,0.13373879544000855
25313,0.14896806297517026
25314,0.15388995772830513
25315,0.18560051932020183
25316,0.05955913370395199
25317,0.08825409673710044
25318,0.19914417172466078
25319,0.13088927212544008
25320,0.2188372447131501
25321,0.1375177510247156
25322,0.1499975476813131
25323,0.17016965875752893
25324,0.2339332049254808
25325,0.1348272668255434
25326,0.23773450065951993
25327,0.22264027557346286
25328,0.1664365618326433
25329,0.1347357392964939
25330,0.15191289600356567
25331,0.036136433647807165
25332,0.1766713242423673
25333,0.141510020271323
25334,0.364338626173195
25335,0.22112852443236605
25336,0.3414204754337739
25337,0.23567872505018617
25338,0.1033361376851317
25339,0.21326008673131466
25340,0.13057865747370923
25341,0.1718512535622702
25342,0.12640568349012685
25343,0.33254388381207184
25344,0.20910384569462642
25345,0.15726119082765783
25346,0.17955102535385586
25347,0.16084620916265405
25348,0.17562189299194117
25349,0.13981524632383843
25350,0.1604944044246225
25351,0.12911157549981175
25352,0.06860492560381534
25353,0.14544914306436377
25354,0.1489388292955482
25355,0.15751822782970654
25356,0.13184437916513028
25357,0.05460737204227795
25358,0.23948611735838726
25359,0.35763075502436403
25360,0.13309728493354198
25361,0.14120743393795482
25362,0.24188539788310304
25363,0.1216034296559666
25364,0.1191066135718046
25365,0.14703624384140074
25366,0.34089002521990663
25367,0.15069303433449796
25368,0.13471434804999158
25369,0.13324522029226982
25370,0.12459798649467323
25371,0.15363986569923507
25372,0.12872164380967097
25373,0.24309121027304312
25374,0.25312427692572115
25375,0.25267490900020645
25376,0.14731768401561435
25377,0.3748533779479187
25378,0.12942606736822673
25379,0.14326078080703253
25380,0.0382667782396858
25381,0.08860534100492648
25382,0.13887673841837891
25383,0.16407485139584768
25384,0.1107310721086647
25385,0.13509202652051594
25386,0.34979651891981633
25387,0.11488192502012315
25388,0.16361069749153703
25389,0.11560384130029058
25390,0.2531044269470529
25391,0.11700469673102368
25392,0.14462985988733257
25393,0.13203045488217202
25394,0.12329567544123152
25395,0.3283927742879912
25396,0.14073370593517706
25397,0.06881201101065101
25398,0.1674349886110036
25399,0.1519724907234231
25400,0.15363681364064777
25401,0.16326184124983104
25402,0.21754153991797134
25403,0.24432329170189754
25404,0.14526977191330978
25405,0.12708345280682112
25406,0.09583440481098587
25407,0.19015300185948636
25408,0.15515745230606268
25409,0.16513833792709606
25410,0.28535967412606106
25411,0.13355375556391705
25412,0.3524542927908373
25413,0.14061266457473298
25414,0.24344982281330166
25415,0.1477550819713919
25416,0.15474523129395065
25417,0.16057991203788036
25418,0.23209338161277898
25419,0.12231168376844302
25420,0.13148830160745253
25421,0.12044690854189383
25422,0.23946597780632234
25423,0.4077072720863042
25424,0.17696329091903495
25425,0.12361535047422416
25426,0.25397510562483383
25427,0.15252834692459927
25428,0.1476455549651099
25429,0.23912361231283377
25430,0.1150522088810721
25431,0.20632152792368422
25432,0.18455981481745443
25433,0.16470422900076775
25434,0.1353810334529183
25435,0.06451803062141338
25436,0.1297804511185723
25437,0.19767921640670733
25438,0.15536696705009925
25439,0.1302973508862845
25440,0.2305730726580503
25441,0.13513597505543262
25442,0.15503049948956582
25443,0.11631035215172796
25444,0.344681296650474
25445,0.13760890598680572
25446,0.38141125109045854
25447,0.11671709495041377
25448,0.14000120402573765
25449,0.35251691364677135
25450,0.13680232709197077
25451,0.21344574474578842
25452,0.06370756023127058
25453,0.10627320330407694
25454,0.13418717471789704
25455,0.13462275474911484
25456,0.14518264581154627
25457,0.1407700312660522
25458,0.12031676861556778
25459,0.2511373460598439
25460,0.05686628649164863
25461,0.13684675284560888
25462,0.14714880167546857
25463,0.14323255091110157
25464,0.3294075374417574
25465,0.3348969938455395
25466,0.24972830660738654
25467,0.14909765247715523
25468,0.14412352725503227
25469,0.1586522939976442
25470,0.23229048072067313
25471,0.16044016533980174
25472,0.1243358154367164
25473,0.15887710162387805
25474,0.1395402725274251
25475,0.2201069031184288
25476,0.14512150033715035
25477,0.3664918774641582
25478,0.13885934951497125
25479,0.3587657337841323
25480,0.27296688549814196
25481,0.149270377632803
25482,0.2654008312343087
25483,0.129541614513298
25484,0.1430875473711699
25485,0.15766738419617762
25486,0.21224642003917074
25487,0.3385523505284956
25488,0.2388134972659543
25489,0.13608759006979587
25490,0.11958721657698809
25491,0.11728747853520592
25492,0.15364600007137877
25493,0.16477956277293632
25494,0.14753875968334051
25495,0.09501134710595015
25496,0.06688747558038309
25497,0.15599162397481875
25498,0.06032141881311558
25499,0.16137515134656025
25500,0.2702666603556897
25501,0.10806715545646342
25502,0.1456468885376376
25503,0.16251063738197485
25504,0.2650134743359816
25505,0.056264382532169845
25506,0.15102014149332868
25507,0.05700097358390146
25508,0.12402632237861899
25509,0.13633598547547746
25510,0.19416311284404705
25511,0.15010328530793296
25512,0.3487195414635124
25513,0.2356706920760064
25514,0.19733900840955004
25515,0.15446914289068095
25516,0.15557859170653382
25517,0.06220101302072403
25518,0.1632492186320582
25519,0.14370987852617137
25520,0.14497268592511067
25521,0.13271899951134783
25522,0.14891436493002042
25523,0.22045320840912805
25524,0.13683715063462112
25525,0.13528934248132346
25526,0.04334812276924379
25527,0.12474881973553886
25528,0.21211883157508313
25529,0.14223603357695272
25530,0.05934060395930349
25531,0.13531431892231596
25532,0.12323903973144612
25533,0.12505815630355085
25534,0.1434630017704783
25535,0.32777459782669033
25536,0.22483132062281122
25537,0.2507402779400458
25538,0.12130629255285834
25539,0.184493543038094
25540,0.13780833752701105
25541,0.11548895584784306
25542,0.16410185470269398
25543,0.13116437791701527
25544,0.13926566215048833
25545,0.15834449371996745
25546,0.15993384751972797
25547,0.13373682143303176
25548,0.1150511082767356
25549,0.06926204223619978
25550,0.153722261737214
25551,0.11365569797606034
25552,0.16383656480067982
25553,0.3517013720034446
25554,0.06104246540785432
25555,0.09152908060662891
25556,0.14372556774947995
25557,0.15970765999751324
25558,0.12523559106274945
25559,0.17805203923332028
25560,0.15395882650129047
25561,0.06467688996830169
25562,0.16384490723817216
25563,0.12965337264680576
25564,0.11054089776856113
25565,0.13285747191900557
25566,0.13905766225132798
25567,0.12897510495372408
25568,0.13975093198744667
25569,0.14737947021250272
25570,0.14375683147582088
25571,0.25699548144124423
25572,0.14382625163776164
25573,0.2111020970499814
25574,0.12766657139215032
25575,0.1791156519152379
25576,0.13353353805412957
25577,0.14686490832141882
25578,0.16910371263705853
25579,0.11960931054308456
25580,0.19251629924587718
25581,0.2348971043211036
25582,0.13915060227991619
25583,0.12442026991075805
25584,0.16426075168086265
25585,0.13675983710956804
25586,0.2181414131521298
25587,0.21946479645727782
25588,0.26513527866144054
25589,0.14477771642724005
25590,0.13016049514359396
25591,0.13887677279778637
25592,0.1191724662791022
25593,0.14744789285539764
25594,0.1540684504984399
25595,0.07284205534600961
25596,0.15297596130112384
25597,0.04240643005957144
25598,0.23389380832559523
25599,0.12459795708542777
25600,0.15136742683392643
25601,0.13088017452596926
25602,0.16872704141544656
25603,0.22727272766863343
25604,0.1575287536913583
25605,0.08452690231158035
25606,0.14277261756083767
25607,0.12180971499268271
25608,0.22780321817100246
25609,0.11726410903877765
25610,0.13942292147741323
25611,0.09594530542673387
25612,0.143252734964513
25613,0.15636853625045735
25614,0.2692912473538367
25615,0.12490178288667576
25616,0.13845595736877916
25617,0.16024917275495357
25618,0.3413764377362916
25619,0.22120964112656205
25620,0.26363438872449313
25621,0.14168551593221315
25622,0.16482173453345872
25623,0.14295007352050304
25624,0.12247872978817133
25625,0.16038183639645545
25626,0.14390588004686874
25627,0.36241246304502067
25628,0.055060148906971515
25629,0.05161507648782614
25630,0.1570429219830456
25631,0.2868647037212891
25632,0.13252210110156762
25633,0.12258412496070949
25634,0.14302263535687673
25635,0.12865481697149808
25636,0.1547211824228371
25637,0.06321296329826348
25638,0.14596189587716865
25639,0.12665881729994516
25640,0.15446304637488523
25641,0.15633875221407187
25642,0.12854470612437313
25643,0.16213471237877117
25644,0.22714546378991285
25645,0.13227184672313844
25646,0.17014396533184853
25647,0.15510919865377407
25648,0.15475936891684175
25649,0.2176627589783528
25650,0.14538190140328397
25651,0.1785373051220003
25652,0.2814223695046541
25653,0.13297341700849893
25654,0.13756116971597032
25655,0.3645215168061023
25656,0.36436112866525877
25657,0.14240387374510646
25658,0.0570675796683193
25659,0.11943128946301632
25660,0.12933966087020668
25661,0.21732296800671802
25662,0.13658723856490554
25663,0.1112331220825713
25664,0.23058594716261757
25665,0.15815964321304557
25666,0.05889361421971801
25667,0.10630128629088892
25668,0.13984865271387342
25669,0.22723998345687246
25670,0.16523869294569765
25671,0.13122318764345897
25672,0.19641526774615978
25673,0.05240308728975563
25674,0.11996233873940683
25675,0.14448428035392155
25676,0.21349401974538212
25677,0.13650345556701346
25678,0.17673953011934837
25679,0.1651949436206854
25680,0.13354103307874904
25681,0.16651886737112012
25682,0.1551787596084633
25683,0.3795315453451602
25684,0.16753067837981084
25685,0.13615170043153518
25686,0.1516998550253444
25687,0.10910158303138974
25688,0.26649308062490196
25689,0.1746288897499685
25690,0.1372107351532149
25691,0.12317625455584949
25692,0.12065359891054683
25693,0.15278730254770312
25694,0.17673202497293164
25695,0.15001305157076847
25696,0.13944841673506334
25697,0.3706683705460289
25698,0.129046111030698
25699,0.06436849177712504
25700,0.13965249800617183
25701,0.15231782764671675
25702,0.15325833536039052
25703,0.24788403029544687
25704,0.3588865844181864
25705,0.15171753835504767
25706,0.15850666252795076
25707,0.22902427224377278
25708,0.24366617176052202
25709,0.12252944881630509
25710,0.06260622335589701
25711,0.2318978668988413
25712,0.13740087653377023
25713,0.05956392220184502
25714,0.05656555322931842
25715,0.15506326647591312
25716,0.12108784076845772
25717,0.03433843426204129
25718,0.14722256984382082
25719,0.2042459483635966
25720,0.14711093900004327
25721,0.2602502522107011
25722,0.37932821439406694
25723,0.12567152481943922
25724,0.15623952299753444
25725,0.14075864294605894
25726,0.0676405746153676
25727,0.13995372577525106
25728,0.12052386314025836
25729,0.12883571584242604
25730,0.14598038797224835
25731,0.15409425618513206
25732,0.16988533982847265
25733,0.1252457598335694
25734,0.2496079560674862
25735,0.11541133738444362
25736,0.1667041629797207
25737,0.13671570697306915
25738,0.21113756269164277
25739,0.057632584776011866
25740,0.13371754646744496
25741,0.14393487410663272
25742,0.11549500424574667
25743,0.13106498226026034
25744,0.11459040155159658
25745,0.11391329218972912
25746,0.14511987797180667
25747,0.1298003298591692
25748,0.15028961491979856
25749,0.24277375252564387
25750,0.1381605350997656
25751,0.35592965605070426
25752,0.15883827252540875
25753,0.3531159252678291
25754,0.13796726756710107
25755,0.03857871677550249
25756,0.17450351024298247
25757,0.16791336380384583
25758,0.11265650687274406
25759,0.22295501455509822
25760,0.13828979605506608
25761,0.1221459662843179
25762,0.09270308827048701
25763,0.12723401526983538
25764,0.13024228272256377
25765,0.1336928745014253
25766,0.1466559557565262
25767,0.3960279152637968
25768,0.12105150316434952
25769,0.14935053310773788
25770,0.05791488796008941
25771,0.2129345657891357
25772,0.1222019618213981
25773,0.15626918145115723
25774,0.37606575595003666
25775,0.15825133678651532
25776,0.11413518404211405
25777,0.2236568332933772
25778,0.19022131728252997
25779,0.15332799854252208
25780,0.22744514358539342
25781,0.15436261970296147
25782,0.1235906804679246
25783,0.14338743770405746
25784,0.1510391443710033
25785,0.05506492609720328
25786,0.13541142889487173
25787,0.13829206958778584
25788,0.3383078092699548
25789,0.1238951505645967
25790,0.14198566423788117
25791,0.147507121721246
25792,0.140878177887223
25793,0.1690795953765922
25794,0.13001103321195526
25795,0.17433457523142107
25796,0.14311176401785278
25797,0.20650477088748506
25798,0.1610360832374307
25799,0.24298029593227283
25800,0.16567395580435365
25801,0.14754966043237375
25802,0.24824558781379305
25803,0.15020967882033998
25804,0.036026245697295005
25805,0.1282076878952118
25806,0.1377278962059195
25807,0.3610903428514994
25808,0.14872789959047356
25809,0.11781533580850022
25810,0.16180688734809076
25811,0.03954051884535356
25812,0.12323336617171861
25813,0.12658487916248753
25814,0.3298657600543128
25815,0.13767536945978823
25816,0.12388526264247561
25817,0.3545593751328404
25818,0.06196006294160741
25819,0.1906942934162367
25820,0.13243323414559854
25821,0.12447822125335666
25822,0.15233002431675716
25823,0.164167271102901
25824,0.0550694911353055
25825,0.16677053762761618
25826,0.1435213563944172
25827,0.054265819238233426
25828,0.2389032468402705
25829,0.08492940949583902
25830,0.13450504815387232
25831,0.1457705865341592
25832,0.13644565932701613
25833,0.13569302560333504
25834,0.2213927916837162
25835,0.1602382887307963
25836,0.3173754224357851
25837,0.19535776204489558
25838,0.13424960599350974
25839,0.1469714402745844
25840,0.16198980005309999
25841,0.16110405746626819
25842,0.11813263436413664
25843,0.13849703195797106
25844,0.21152468482046904
25845,0.2476067603209278
25846,0.06990160543710433
25847,0.1240926016547761
25848,0.07136055122252295
25849,0.11300861157912662
25850,0.13437441932461583
25851,0.13844294025363846
25852,0.13554857345841315
25853,0.061595876385419954
25854,0.15161235440255963
25855,0.15951377536749708
25856,0.14483304792282925
25857,0.17689283450357426
25858,0.2475577825801664
25859,0.12341142502181163
25860,0.14195499352549776
25861,0.37683411277998224
25862,0.17862421940597778
25863,0.11253952679314701
25864,0.1366592764834536
25865,0.13551623243606067
25866,0.25049248860340395
25867,0.13137508489738026
25868,0.20801545849999464
25869,0.1363196026677793
25870,0.1750254913365883
25871,0.2454384953277113
25872,0.07566930681374502
25873,0.1343905684221051
25874,0.1275081776089313
25875,0.1275029287089342
25876,0.12970594079589268
25877,0.1286526499808273
25878,0.22554245440112372
25879,0.17896281963797409
25880,0.15448590713606805
25881,0.04820006142062093
25882,0.16993455903829136
25883,0.14515523313107304
25884,0.12619154178828718
25885,0.23496887246024917
25886,0.37255846216787536
25887,0.16674646972759252
25888,0.14748736342580418
25889,0.1307655428136132
25890,0.15055262724259724
25891,0.12824896910137887
25892,0.1474421934094356
25893,0.13719637163380957
25894,0.3689323166595785
25895,0.12732634663361977
25896,0.23186144670747677
25897,0.25427092351188896
25898,0.14349738481872173
25899,0.06849423908159678
25900,0.14217766774033613
25901,0.131887705681137
25902,0.14125513515132368
25903,0.11758281890014315
25904,0.16326911634831903
25905,0.15380393165699083
25906,0.131720826241347
25907,0.13795543748960035
25908,0.14574138136046147
25909,0.13433963781568853
25910,0.13670401089165587
25911,0.15789779745414484
25912,0.15039626698071826
25913,0.23835117116131985
25914,0.15672402555836576
25915,0.13344956550155435
25916,0.15193601683137908
25917,0.1336188429941148
25918,0.12924773031259304
25919,0.06801732975587199
25920,0.1374629296045139
25921,0.21425975112015863
25922,0.1475726854734575
25923,0.13105648260876118
25924,0.21904616234099117
25925,0.15413277095776223
25926,0.17979962600137703
25927,0.1473980088185464
25928,0.22483372055301165
25929,0.12421464253799672
25930,0.1654262143265081
25931,0.1274120660212868
25932,0.15813356848416119
25933,0.15747774558682975
25934,0.13695914542242693
25935,0.05227908066666261
25936,0.1618548173165076
25937,0.11759884379096414
25938,0.06119558955063782
25939,0.22397997105451828
25940,0.16588879641332038
25941,0.14519752113316337
25942,0.12554789495836421
25943,0.12288831725349654
25944,0.2771346157198233
25945,0.10442954576301504
25946,0.14465218681007364
25947,0.22920316937368534
25948,0.15825288055108733
25949,0.37798771085169447
25950,0.11548027310736228
25951,0.1453888441953382
25952,0.16190299684325474
25953,0.14673134547041186
25954,0.053440117586623696
25955,0.16628314874135688
25956,0.15293919364501163
25957,0.14886693258864767
25958,0.15622170327168766
25959,0.22440851264260112
25960,0.13672083383330053
25961,0.14227014125909643
25962,0.22390607600889645
25963,0.11505547220191914
25964,0.1727864232451592
25965,0.15111072739461393
25966,0.1379589897056381
25967,0.14738478875039748
25968,0.1328946010847683
25969,0.12950136178427543
25970,0.1392251302111944
25971,0.0650394444125056
25972,0.26536565590153866
25973,0.06435615803863724
25974,0.1399029650850418
25975,0.14837983821307338
25976,0.14878920153537029
25977,0.29538401434374356
25978,0.18695512753053303
25979,0.1439010883845964
25980,0.22491854543691198
25981,0.3753743552695754
25982,0.03586130809357847
25983,0.05729439896550929
25984,0.058263766551766016
25985,0.24643199596694185
25986,0.13948520979690673
25987,0.12868073147602832
25988,0.13533245266014168
25989,0.11618778006598111
25990,0.12493861931788298
25991,0.16114913109864562
25992,0.11757772091163018
25993,0.21769982933926602
25994,0.16595588067279135
25995,0.1393770374216159
25996,0.14139506411473005
25997,0.15243544779383547
25998,0.12347153002635591
25999,0.1739824004924891
26000,0.15563882718533464
26001,0.12095149436618931
26002,0.12574910884295995
26003,0.13458260965448632
26004,0.13905008429006707
26005,0.14344542486916806
26006,0.1657638653699466
26007,0.12713899068662973
26008,0.17014356644737938
26009,0.15061834041088867
26010,0.16681596407979737
26011,0.05903813002185652
26012,0.10066693066683535
26013,0.14195179495097815
26014,0.13183108736756466
26015,0.16597624596062513
26016,0.21631488838048127
26017,0.234554961689123
26018,0.14497048318055988
26019,0.057098946824408095
26020,0.08723855378674841
26021,0.20176489673602413
26022,0.15466227095622387
26023,0.12161634590839505
26024,0.094408899129164
26025,0.15261479201110836
26026,0.24174259282297264
26027,0.33872245529224965
26028,0.07636419297950256
26029,0.05061590018243487
26030,0.11952725855250906
26031,0.1438085513397855
26032,0.41075291322599805
26033,0.14480883030527408
26034,0.16156955883829732
26035,0.05705127370594628
26036,0.14392133851292485
26037,0.2091463444093641
26038,0.13771373473397125
26039,0.16299587345475056
26040,0.23872620087517357
26041,0.15570013853058115
26042,0.06332086596235235
26043,0.11659321220414763
26044,0.13256939126389705
26045,0.15239344978907188
26046,0.15499432216867476
26047,0.2379280797556638
26048,0.13431698402026285
26049,0.2529492731359527
26050,0.16816062441880675
26051,0.12640520220822568
26052,0.05933834332148095
26053,0.16207889295644162
26054,0.06091858118951856
26055,0.15624479315311135
26056,0.254159403852841
26057,0.1249892627530767
26058,0.2052475320837503
26059,0.14689227882398168
26060,0.16119266452879577
26061,0.11762018007501987
26062,0.13722136897753404
26063,0.1537868408418094
26064,0.13560640670553564
26065,0.18620007338979078
26066,0.14739698287642652
26067,0.06015466840939922
26068,0.16808502018212487
26069,0.15488537890890208
26070,0.22164681631404154
26071,0.1276932516581807
26072,0.1301853138479554
26073,0.17131359273082772
26074,0.14688398686388257
26075,0.1447215247021082
26076,0.15106024949791844
26077,0.26150904463228514
26078,0.31674517587137474
26079,0.1876345114323774
26080,0.16586835304876552
26081,0.15916680098816482
26082,0.12349860957564976
26083,0.13988504326821596
26084,0.13206070104514142
26085,0.11709806097115316
26086,0.12833167716881894
26087,0.11128442995334399
26088,0.12610249873143814
26089,0.15803678222288464
26090,0.15688890509076642
26091,0.12469461939866726
26092,0.2757793902575495
26093,0.14557430938259397
26094,0.13963464047344265
26095,0.06732632319480347
26096,0.1445111159361346
26097,0.3703760591473799
26098,0.40950468504699916
26099,0.14299143168221656
26100,0.1292274873196949
26101,0.07505325615139709
26102,0.1450939972114233
26103,0.23076643350032972
26104,0.33708658260283186
26105,0.07473320238606963
26106,0.05461485738022567
26107,0.1597310304952934
26108,0.05702860859812838
26109,0.15919570521387189
26110,0.16790044059491566
26111,0.12778715429850085
26112,0.1325505868527897
26113,0.13582567575692334
26114,0.17026910388000183
26115,0.1178141832528248
26116,0.12653720045021816
26117,0.1378692257613351
26118,0.15453745966496388
26119,0.12309062873376223
26120,0.39140166035468227
26121,0.13096325516914034
26122,0.14640128421781196
26123,0.14547962856894217
26124,0.2333269766293064
26125,0.16237138285053146
26126,0.13219059936112224
26127,0.12747457844636645
26128,0.0715615267643571
26129,0.1266459770415256
26130,0.03182053587661385
26131,0.1760959849106052
26132,0.05994892819436736
26133,0.28342638535705633
26134,0.1323943461141903
26135,0.1461478750015271
26136,0.12956513093192065
26137,0.13931509582605617
26138,0.13635315987756888
26139,0.14407810323977763
26140,0.2625552098689221
26141,0.0709091615790383
26142,0.2639400971868437
26143,0.138413973656383
26144,0.16538950630005844
26145,0.16150971332565672
26146,0.14886927125970037
26147,0.039273626790710024
26148,0.14939199845602288
26149,0.1494830057050043
26150,0.06709643930081266
26151,0.1233696572830471
26152,0.1399347752547022
26153,0.11662119111125185
26154,0.2293571527268301
26155,0.15392940848420195
26156,0.14662187404529667
26157,0.1592047266345377
26158,0.06146321930329955
26159,0.15509241745016536
26160,0.1449322514329661
26161,0.24773781345249085
26162,0.13773999163776152
26163,0.13183685569741846
26164,0.24643136280515818
26165,0.149223520402596
26166,0.15287402833371372
26167,0.11923126067134389
26168,0.19912339959103884
26169,0.07487600858930868
26170,0.14206611802128563
26171,0.1521800070386886
26172,0.21804246357207993
26173,0.15290575966470063
26174,0.3643709602760648
26175,0.08099492648983299
26176,0.16442591476568133
26177,0.333867666125519
26178,0.08493719621887977
26179,0.14909694743239918
26180,0.13867005835709348
26181,0.13956927916104775
26182,0.2843068106951249
26183,0.13732503794490294
26184,0.1553714263070059
26185,0.259650832273244
26186,0.16494751022642692
26187,0.1494786140956419
26188,0.167467717060528
26189,0.060473919774913655
26190,0.16904840491761913
26191,0.1388518725212794
26192,0.11557010225262807
26193,0.14964445615772246
26194,0.1426793142921923
26195,0.09402689332931706
26196,0.055739231026384735
26197,0.14187218362852796
26198,0.16048954908951096
26199,0.14476748334749645
26200,0.24795227514312845
26201,0.1148531979327509
26202,0.27204310242909036
26203,0.23085324834575552
26204,0.12923348401198903
26205,0.2726135800205891
26206,0.12395046315141242
26207,0.20444111838325457
26208,0.36134174814168035
26209,0.21077235443563694
26210,0.15768005770686122
26211,0.4188694051820551
26212,0.06585900501418779
26213,0.2206462729892626
26214,0.39060527615060303
26215,0.1682591503744155
26216,0.15442049526001578
26217,0.15493948243606154
26218,0.11734465439487078
26219,0.14656336348851795
26220,0.13469991360567707
26221,0.14149985355097697
26222,0.16514848825130177
26223,0.12926902912169017
26224,0.1534168125469936
26225,0.136638393362804
26226,0.13252463480073234
26227,0.163281156974896
26228,0.1442318142672382
26229,0.1818546012880761
26230,0.25007701892071094
26231,0.06257225071492402
26232,0.1516907501950415
26233,0.16644140484420902
26234,0.12037300620467213
26235,0.24710316588718714
26236,0.11919527073987127
26237,0.12326833381706352
26238,0.1443362825854028
26239,0.26888086368320746
26240,0.13115101155394648
26241,0.12272797607183702
26242,0.1256981146245443
26243,0.15336567296026948
26244,0.15060837404264063
26245,0.13849611747114104
26246,0.1512413239408451
26247,0.15234728499457403
26248,0.1450417566024756
26249,0.2834066769445481
26250,0.13181883151496088
26251,0.21434423420290738
26252,0.1379139379821377
26253,0.15394480799293248
26254,0.1592610354779179
26255,0.1716701324821585
26256,0.23406941874256407
26257,0.1115724470626585
26258,0.23198543602748378
26259,0.34102713228885234
26260,0.16304850797458828
26261,0.17807115239820176
26262,0.14653922680192322
26263,0.16307560915698074
26264,0.13808966315051274
26265,0.14343434768624455
26266,0.13137816349274964
26267,0.18452051094142483
26268,0.15181186210938702
26269,0.1332009288368021
26270,0.11745064273579857
26271,0.22215239468399425
26272,0.21008882948990198
26273,0.16182987044155353
26274,0.13879051747651275
26275,0.13022809760186005
26276,0.1520204340373932
26277,0.19167651790983375
26278,0.14626086629712765
26279,0.13271090253623963
26280,0.16421518421095813
26281,0.07272834613634627
26282,0.1674176412012368
26283,0.25810158779360814
26284,0.13634359146638114
26285,0.21566801971060462
26286,0.056922351532709595
26287,0.15381898202729075
26288,0.21611998080861494
26289,0.14028635778580917
26290,0.13526856450728586
26291,0.1184880672122544
26292,0.1749509096270856
26293,0.15915162060857022
26294,0.3663989280197981
26295,0.0567370232325381
26296,0.12494527733598024
26297,0.12395266392773319
26298,0.06868268609316053
26299,0.11650910107072857
26300,0.13281988194931502
26301,0.20723672929670423
26302,0.14894171635268427
26303,0.1492104742603721
26304,0.11757274794550111
26305,0.23102916334624768
26306,0.1428033985521047
26307,0.13127460761829549
26308,0.2518992767002197
26309,0.22106278425412396
26310,0.16803133629129002
26311,0.3944264823298402
26312,0.15463244922917155
26313,0.055219888819511356
26314,0.11124251632927802
26315,0.1493231886087967
26316,0.137520245486411
26317,0.38806259735236204
26318,0.16023420968714774
26319,0.16687728098436513
26320,0.12712234361057645
26321,0.1450834745756309
26322,0.13090871077608598
26323,0.17080589199525037
26324,0.15258755162829774
26325,0.19521562099395673
26326,0.037033377675766574
26327,0.06377134829880342
26328,0.13170744722011282
26329,0.13488458701598807
26330,0.14236175788724198
26331,0.4020578865931905
26332,0.16643252069617887
26333,0.062396098666042746
26334,0.14265547750168003
26335,0.19797014348275976
26336,0.1851922887947962
26337,0.13721001448621803
26338,0.1364028941552697
26339,0.1439682167196813
26340,0.033513838904358835
26341,0.05750902004507159
26342,0.3555654159015322
26343,0.14008727168998142
26344,0.15374983860703084
26345,0.15982215529915983
26346,0.1545402911913488
26347,0.1329979850249724
26348,0.12635140360159178
26349,0.11753474063303547
26350,0.2188712057519014
26351,0.16022445301395807
26352,0.1797858153171089
26353,0.06993686300283414
26354,0.03527788794421138
26355,0.1369515083457002
26356,0.13820122380455566
26357,0.10992903305002287
26358,0.13914010918955452
26359,0.025014134552675846
26360,0.18454783865879662
26361,0.11966801754948103
26362,0.14450327009157685
26363,0.05733101493969036
26364,0.14811949717610756
26365,0.13507351139965545
26366,0.11473004983227086
26367,0.16936008588248563
26368,0.3620592583646566
26369,0.139849338762358
26370,0.15532106293040707
26371,0.05809830480959621
26372,0.2618817741825386
26373,0.12039297292710543
26374,0.146707800109869
26375,0.14440922470895734
26376,0.12972358880105894
26377,0.05908365751695981
26378,0.13007078855107104
26379,0.12588406335024777
26380,0.1281102297555272
26381,0.2304449845469536
26382,0.1787498503704851
26383,0.29998501129176336
26384,0.057785095202141507
26385,0.28447055371164137
26386,0.16748304090366378
26387,0.2778419561500014
26388,0.140426413751502
26389,0.13510566319186051
26390,0.13505151160159076
26391,0.061077569244478165
26392,0.13199941194406342
26393,0.14253373085577864
26394,0.12679970491927323
26395,0.11571987407234618
26396,0.15614495021184005
26397,0.13113305521164945
26398,0.14012810709779142
26399,0.18179252915913455
26400,0.05607120682429238
26401,0.15525384704812925
26402,0.23503443818407227
26403,0.16311807111816343
26404,0.1402401084197189
26405,0.04980301158906449
26406,0.20595424580824762
26407,0.13496879817962598
26408,0.15214767981424704
26409,0.15079885059484283
26410,0.13562824926483033
26411,0.14303512950158537
26412,0.05982164561189164
26413,0.1507702641042335
26414,0.24070284776744252
26415,0.10945579168713095
26416,0.16375530796390583
26417,0.21082399729703044
26418,0.16250738817300203
26419,0.43429616411513255
26420,0.14245059662768458
26421,0.255675244382774
26422,0.13684562548552676
26423,0.14577704755651125
26424,0.23812452970505407
26425,0.1235370158685796
26426,0.13088416917711138
26427,0.20855818276175017
26428,0.14828292914400848
26429,0.134472690673662
26430,0.16124793056209893
26431,0.12921717869214167
26432,0.11481956718006812
26433,0.13866489038732188
26434,0.1227497296286891
26435,0.06364928886834456
26436,0.15440381053450036
26437,0.1534514363349995
26438,0.15443373739279312
26439,0.1474295528584709
26440,0.11370409591562748
26441,0.15471924630774964
26442,0.1773723480720156
26443,0.13571322838126065
26444,0.1364094747615983
26445,0.12725214932858286
26446,0.1640601427148724
26447,0.16245365371099102
26448,0.1346438228994318
26449,0.11267213745762937
26450,0.050008910406668425
26451,0.17283829150924443
26452,0.13046732898418148
26453,0.30992168536770953
26454,0.11860108671384895
26455,0.0354887019954949
26456,0.23920688739387105
26457,0.13746209703200202
26458,0.1521523624054685
26459,0.23136433151085806
26460,0.13298768563084068
26461,0.18977303583735394
26462,0.14173742620383672
26463,0.35127052670327025
26464,0.13758580509188414
26465,0.12838827433046943
26466,0.22733163842085893
26467,0.24252133117592733
